time,PVUSA
2018-02-27 00:00:00+00:00,0.9817361578399091
2018-02-28 00:00:00+00:00,1.0042883256588693
2018-03-01 00:00:00+00:00,0.8576299871006318
2018-03-02 00:00:00+00:00,0.8471872310064574
2018-03-03 00:00:00+00:00,0.986961306667878
2018-03-04 00:00:00+00:00,1.0091157559786958
2018-03-05 00:00:00+00:00,
2018-03-06 00:00:00+00:00,
2018-03-07 00:00:00+00:00,0.999730825783285
2018-03-08 00:00:00+00:00,0.9086263458009483
2018-03-09 00:00:00+00:00,0.746397957662773
2018-03-10 00:00:00+00:00,0.6973204051785924
2018-03-11 00:00:00+00:00,0.8989369663557164
2018-03-12 00:00:00+00:00,1.0248213454596895
2018-03-13 00:00:00+00:00,0.9003168826779784
2018-03-14 00:00:00+00:00,1.012547948022685
2018-03-15 00:00:00+00:00,1.0113770128236308
2018-03-16 00:00:00+00:00,1.0062421278871359
2018-03-17 00:00:00+00:00,0.9799658865707832
2018-03-18 00:00:00+00:00,0.9703996496764908
2018-03-19 00:00:00+00:00,0.9454494233705117
2018-03-20 00:00:00+00:00,0.9968744054294951
2018-03-21 00:00:00+00:00,0.8662240494077655
2018-03-22 00:00:00+00:00,1.0032046385921056
2018-03-23 00:00:00+00:00,0.9853063064402678
2018-03-24 00:00:00+00:00,0.9962740771813334
2018-03-25 00:00:00+00:00,0.9934561849555551
2018-03-26 00:00:00+00:00,0.9911442236785558
2018-03-27 00:00:00+00:00,0.9263649697557417
2018-03-28 00:00:00+00:00,0.9847101348199926
2018-03-29 00:00:00+00:00,0.9920365064452397
2018-03-30 00:00:00+00:00,0.9953453019512121
2018-03-31 00:00:00+00:00,1.010365952996315
2018-04-01 00:00:00+00:00,1.0170038866328153
2018-04-02 00:00:00+00:00,0.9852580455754635
2018-04-03 00:00:00+00:00,0.9420888928963065
2018-04-04 00:00:00+00:00,1.0053073176448832
2018-04-05 00:00:00+00:00,
2018-04-06 00:00:00+00:00,0.968839710123242
2018-04-07 00:00:00+00:00,1.000073923772199
2018-04-08 00:00:00+00:00,0.9974683899423066
2018-04-09 00:00:00+00:00,
2018-04-10 00:00:00+00:00,0.9890980669128338
2018-04-11 00:00:00+00:00,1.005264469372922
2018-04-12 00:00:00+00:00,1.00931634498929
2018-04-13 00:00:00+00:00,1.0013220442500026
2018-04-14 00:00:00+00:00,1.0082942616178912
2018-04-15 00:00:00+00:00,1.0093980925337076
2018-04-16 00:00:00+00:00,1.012400043710233
2018-04-17 00:00:00+00:00,1.0166526172507933
2018-04-18 00:00:00+00:00,1.0185619999582538
2018-04-19 00:00:00+00:00,1.0417648460181865
2018-04-20 00:00:00+00:00,
2018-04-21 00:00:00+00:00,1.0047021267446563
2018-04-22 00:00:00+00:00,1.0072392411009456
2018-04-23 00:00:00+00:00,1.0485301338309665
2018-04-24 00:00:00+00:00,1.0532345136546544
2018-04-25 00:00:00+00:00,0.9967555110287765
2018-04-26 00:00:00+00:00,0.993161893309776
2018-04-27 00:00:00+00:00,1.0266039614656328
2018-04-28 00:00:00+00:00,1.0134636067121703
2018-04-29 00:00:00+00:00,1.0101724946558932
2018-04-30 00:00:00+00:00,0.9930350934373402
2018-05-01 00:00:00+00:00,1.0276337083574114
2018-05-02 00:00:00+00:00,1.0325085833299408
2018-05-03 00:00:00+00:00,1.0318179845935176
2018-05-04 00:00:00+00:00,0.9702359838112493
2018-05-05 00:00:00+00:00,0.9938597900621172
2018-05-06 00:00:00+00:00,1.0128355100197917
2018-05-07 00:00:00+00:00,1.01240730630965
2018-05-08 00:00:00+00:00,1.0063067326823447
2018-05-09 00:00:00+00:00,1.0056012856254024
2018-05-10 00:00:00+00:00,0.9933740955704857
2018-05-11 00:00:00+00:00,0.9928259265904243
2018-05-12 00:00:00+00:00,0.991087863320012
2018-05-13 00:00:00+00:00,0.9888795615113815
2018-05-14 00:00:00+00:00,0.9940769001764146
2018-05-15 00:00:00+00:00,0.9909202227712616
2018-05-16 00:00:00+00:00,0.9870414830795378
2018-05-17 00:00:00+00:00,0.8861634543665439
2018-05-18 00:00:00+00:00,0.9740449821787691
2018-05-19 00:00:00+00:00,0.993302912030898
2018-05-20 00:00:00+00:00,0.9915424289233072
2018-05-21 00:00:00+00:00,0.9621481771074881
2018-05-22 00:00:00+00:00,0.9882076335607718
2018-05-23 00:00:00+00:00,0.9852092564440575
2018-05-24 00:00:00+00:00,0.9152759701688248
2018-05-25 00:00:00+00:00,0.9766318396215037
2018-05-26 00:00:00+00:00,0.9872270976335209
2018-05-27 00:00:00+00:00,0.9804255307310354
2018-05-28 00:00:00+00:00,0.9969875549464282
2018-05-29 00:00:00+00:00,0.9691667333341834
2018-05-30 00:00:00+00:00,0.9581028162524904
2018-05-31 00:00:00+00:00,0.9816435222055924
2018-06-01 00:00:00+00:00,0.9754420253113397
2018-06-02 00:00:00+00:00,0.9938733328103795
2018-06-03 00:00:00+00:00,0.9919442901845053
2018-06-04 00:00:00+00:00,0.9052181972602988
2018-06-05 00:00:00+00:00,0.9566901141773393
2018-06-06 00:00:00+00:00,0.9162907603049857
2018-06-07 00:00:00+00:00,0.9582587838049833
2018-06-08 00:00:00+00:00,0.9323770642030849
2018-06-09 00:00:00+00:00,0.9943558050688883
2018-06-10 00:00:00+00:00,0.9667614590959
2018-06-11 00:00:00+00:00,0.9787588672241018
2018-06-12 00:00:00+00:00,0.9761472699766947
2018-06-13 00:00:00+00:00,0.9559570944547706
2018-06-14 00:00:00+00:00,0.9765769737311258
2018-06-15 00:00:00+00:00,0.9472203676889769
2018-06-16 00:00:00+00:00,0.9930866591381237
2018-06-17 00:00:00+00:00,0.9918173529019033
2018-06-18 00:00:00+00:00,0.9843801643549169
2018-06-19 00:00:00+00:00,0.9828576792261727
2018-06-20 00:00:00+00:00,0.9397382606371599
2018-06-21 00:00:00+00:00,0.9775723981460693
2018-06-22 00:00:00+00:00,0.9999752144726005
2018-06-23 00:00:00+00:00,0.9691757221943094
2018-06-24 00:00:00+00:00,0.9618620203596954
2018-06-25 00:00:00+00:00,0.9770872420991841
2018-06-26 00:00:00+00:00,0.9875195750031844
2018-06-27 00:00:00+00:00,0.980389515958515
2018-06-28 00:00:00+00:00,0.981863828969935
2018-06-29 00:00:00+00:00,0.9862077004600704
2018-06-30 00:00:00+00:00,0.9586960861585497
2018-07-01 00:00:00+00:00,0.9969151036673192
2018-07-02 00:00:00+00:00,0.9966625085983954
2018-07-03 00:00:00+00:00,0.9951607879359254
2018-07-04 00:00:00+00:00,0.9637146249588147
2018-07-05 00:00:00+00:00,0.9639010553406716
2018-07-06 00:00:00+00:00,1.0004612377876736
2018-07-07 00:00:00+00:00,0.9630562138774114
2018-07-08 00:00:00+00:00,0.9942779423414558
2018-07-09 00:00:00+00:00,0.9892466067963611
2018-07-10 00:00:00+00:00,1.008808369997179
2018-07-11 00:00:00+00:00,1.0025095360454541
2018-07-12 00:00:00+00:00,1.0060596064962926
2018-07-13 00:00:00+00:00,0.9977051874708758
2018-07-14 00:00:00+00:00,0.9951409936150115
2018-07-15 00:00:00+00:00,
2018-07-16 00:00:00+00:00,
2018-07-17 00:00:00+00:00,
2018-07-18 00:00:00+00:00,
2018-07-19 00:00:00+00:00,
2018-07-20 00:00:00+00:00,
2018-07-21 00:00:00+00:00,
2018-07-22 00:00:00+00:00,
2018-07-23 00:00:00+00:00,
2018-07-24 00:00:00+00:00,1.0033571877624101
2018-07-25 00:00:00+00:00,0.9986681276832535
2018-07-26 00:00:00+00:00,0.9911015475556535
2018-07-27 00:00:00+00:00,0.9963164836278963
2018-07-28 00:00:00+00:00,1.0008457275485236
2018-07-29 00:00:00+00:00,0.9995482535963061
2018-07-30 00:00:00+00:00,1.0027481850181303
2018-07-31 00:00:00+00:00,0.9963867638935862
2018-08-01 00:00:00+00:00,0.9907924639615334
2018-08-02 00:00:00+00:00,1.0100783678546785
2018-08-03 00:00:00+00:00,
2018-08-04 00:00:00+00:00,0.9605744868816535
2018-08-05 00:00:00+00:00,0.9903338634043047
2018-08-06 00:00:00+00:00,1.001184931812015
2018-08-07 00:00:00+00:00,0.9666356336013462
2018-08-08 00:00:00+00:00,0.9997427210129154
2018-08-09 00:00:00+00:00,0.9288500400724358
2018-08-10 00:00:00+00:00,1.0036096857811896
2018-08-11 00:00:00+00:00,0.9930787476526372
2018-08-12 00:00:00+00:00,1.0075412899840546
2018-08-13 00:00:00+00:00,0.9106377840177033
2018-08-14 00:00:00+00:00,0.9270019622803264
2018-08-15 00:00:00+00:00,0.9524463016124715
2018-08-16 00:00:00+00:00,0.9557730001247334
2018-08-17 00:00:00+00:00,0.9383638237111552
2018-08-18 00:00:00+00:00,0.9845093131177689
2018-08-19 00:00:00+00:00,0.9336719245978122
2018-08-20 00:00:00+00:00,0.9737119239203733
2018-08-21 00:00:00+00:00,0.9852624672404023
2018-08-22 00:00:00+00:00,0.986188317275155
2018-08-23 00:00:00+00:00,0.9276771951814354
2018-08-24 00:00:00+00:00,1.003555836818557
2018-08-25 00:00:00+00:00,0.9284464235600648
2018-08-26 00:00:00+00:00,0.9893923659783808
2018-08-27 00:00:00+00:00,0.9025302821561366
2018-08-28 00:00:00+00:00,0.9809534867057503
2018-08-29 00:00:00+00:00,1.0002820532932637
2018-08-30 00:00:00+00:00,0.9762892190466587
2018-08-31 00:00:00+00:00,0.9875463257618144
2018-09-01 00:00:00+00:00,0.9776673073319645
2018-09-02 00:00:00+00:00,1.0062197411087506
2018-09-03 00:00:00+00:00,0.9895010101778796
2018-09-04 00:00:00+00:00,0.9629164942141636
2018-09-05 00:00:00+00:00,0.8960377857085196
2018-09-06 00:00:00+00:00,0.906806715428147
2018-09-07 00:00:00+00:00,0.9791920307292907
2018-09-08 00:00:00+00:00,0.9885622881202554
2018-09-09 00:00:00+00:00,0.9996034397890522
2018-09-10 00:00:00+00:00,0.9868190046805922
2018-09-11 00:00:00+00:00,0.9599066238668764
2018-09-12 00:00:00+00:00,
2018-09-13 00:00:00+00:00,
2018-09-14 00:00:00+00:00,0.9502265088721126
2018-09-15 00:00:00+00:00,0.9600047488202833
2018-09-16 00:00:00+00:00,0.8511441609578859
2018-09-17 00:00:00+00:00,0.965410573249431
2018-09-18 00:00:00+00:00,0.9849832132336992
2018-09-19 00:00:00+00:00,0.9515487680396343
2018-09-20 00:00:00+00:00,
2018-09-21 00:00:00+00:00,0.9970128451547596
2018-09-22 00:00:00+00:00,
2018-09-23 00:00:00+00:00,0.9754995248445686
2018-09-24 00:00:00+00:00,0.9953991547882189
2018-09-25 00:00:00+00:00,0.9982102833218971
2018-09-26 00:00:00+00:00,0.9929101533534229
2018-09-27 00:00:00+00:00,0.857154277831284
2018-09-28 00:00:00+00:00,0.9937319135179025
2018-09-29 00:00:00+00:00,0.9957230449196298
2018-09-30 00:00:00+00:00,
2018-10-01 00:00:00+00:00,
2018-10-02 00:00:00+00:00,0.9566678284146343
2018-10-03 00:00:00+00:00,0.9571740808405719
2018-10-04 00:00:00+00:00,0.9993641189245869
2018-10-05 00:00:00+00:00,
2018-10-06 00:00:00+00:00,0.8982491573108646
2018-10-07 00:00:00+00:00,0.9997992617160221
2018-10-08 00:00:00+00:00,0.999533497718992
2018-10-09 00:00:00+00:00,1.015376197363911
2018-10-10 00:00:00+00:00,1.0057491436325838
2018-10-11 00:00:00+00:00,0.9821576243131057
2018-10-12 00:00:00+00:00,
2018-10-13 00:00:00+00:00,
2018-10-14 00:00:00+00:00,
2018-10-15 00:00:00+00:00,0.9165713455802756
2018-10-16 00:00:00+00:00,1.0006030733936555
2018-10-17 00:00:00+00:00,
2018-10-18 00:00:00+00:00,0.8495540561603514
2018-10-19 00:00:00+00:00,0.7946019234515999
2018-10-20 00:00:00+00:00,0.8865494576209569
2018-10-21 00:00:00+00:00,
2018-10-22 00:00:00+00:00,0.9629335813417491
2018-10-23 00:00:00+00:00,1.0147851460748634
2018-10-24 00:00:00+00:00,1.0156250646963374
2018-10-25 00:00:00+00:00,
2018-10-26 00:00:00+00:00,0.9305302436808535
2018-10-27 00:00:00+00:00,0.91158259631362
2018-10-28 00:00:00+00:00,0.9955041799305108
2018-10-29 00:00:00+00:00,1.0107314699599834
2018-10-30 00:00:00+00:00,1.0101389140400154
2018-10-31 00:00:00+00:00,
2018-11-01 00:00:00+00:00,0.8521884474111038
2018-11-02 00:00:00+00:00,0.9290043498536821
2018-11-03 00:00:00+00:00,
2018-11-04 00:00:00+00:00,0.9147312802615793
2018-11-05 00:00:00+00:00,
2018-11-06 00:00:00+00:00,
2018-11-07 00:00:00+00:00,
2018-11-08 00:00:00+00:00,
2018-11-09 00:00:00+00:00,
2018-11-10 00:00:00+00:00,
2018-11-11 00:00:00+00:00,
2018-11-12 00:00:00+00:00,
2018-11-13 00:00:00+00:00,
2018-11-14 00:00:00+00:00,
2018-11-15 00:00:00+00:00,
2018-11-16 00:00:00+00:00,
2018-11-17 00:00:00+00:00,0.949013524452342
2018-11-18 00:00:00+00:00,
2018-11-19 00:00:00+00:00,0.8649613115210016
2018-11-20 00:00:00+00:00,0.9071569056874209
2018-11-21 00:00:00+00:00,0.8314991451697589
2018-11-22 00:00:00+00:00,
2018-11-23 00:00:00+00:00,0.8747260456194241
2018-11-24 00:00:00+00:00,0.812309467116851
2018-11-25 00:00:00+00:00,
2018-11-26 00:00:00+00:00,
2018-11-27 00:00:00+00:00,
2018-11-28 00:00:00+00:00,
2018-11-29 00:00:00+00:00,
2018-11-30 00:00:00+00:00,
2018-12-01 00:00:00+00:00,
2018-12-02 00:00:00+00:00,
2018-12-03 00:00:00+00:00,
2018-12-04 00:00:00+00:00,
2018-12-05 00:00:00+00:00,
2018-12-06 00:00:00+00:00,
2018-12-07 00:00:00+00:00,
2018-12-08 00:00:00+00:00,
2018-12-09 00:00:00+00:00,
2018-12-10 00:00:00+00:00,
2018-12-11 00:00:00+00:00,
2018-12-12 00:00:00+00:00,
2018-12-13 00:00:00+00:00,
2018-12-14 00:00:00+00:00,
2018-12-15 00:00:00+00:00,
2018-12-16 00:00:00+00:00,
2018-12-17 00:00:00+00:00,
2018-12-18 00:00:00+00:00,
2018-12-19 00:00:00+00:00,
2018-12-20 00:00:00+00:00,
2018-12-21 00:00:00+00:00,
2018-12-22 00:00:00+00:00,
2018-12-23 00:00:00+00:00,
2018-12-24 00:00:00+00:00,
2018-12-25 00:00:00+00:00,
2018-12-26 00:00:00+00:00,
2018-12-27 00:00:00+00:00,
2018-12-28 00:00:00+00:00,
2018-12-29 00:00:00+00:00,
2018-12-30 00:00:00+00:00,
2018-12-31 00:00:00+00:00,
2019-01-01 00:00:00+00:00,
2019-01-02 00:00:00+00:00,
2019-01-03 00:00:00+00:00,
2019-01-04 00:00:00+00:00,
2019-01-05 00:00:00+00:00,
2019-01-06 00:00:00+00:00,
2019-01-07 00:00:00+00:00,
2019-01-08 00:00:00+00:00,
2019-01-09 00:00:00+00:00,
2019-01-10 00:00:00+00:00,
2019-01-11 00:00:00+00:00,
2019-01-12 00:00:00+00:00,
2019-01-13 00:00:00+00:00,
2019-01-14 00:00:00+00:00,
2019-01-15 00:00:00+00:00,
2019-01-16 00:00:00+00:00,
2019-01-17 00:00:00+00:00,
2019-01-18 00:00:00+00:00,
2019-01-19 00:00:00+00:00,
2019-01-20 00:00:00+00:00,
2019-01-21 00:00:00+00:00,
2019-01-22 00:00:00+00:00,
2019-01-23 00:00:00+00:00,0.7615852823449477
2019-01-24 00:00:00+00:00,
2019-01-25 00:00:00+00:00,
2019-01-26 00:00:00+00:00,0.5959394590671786
2019-01-27 00:00:00+00:00,
2019-01-28 00:00:00+00:00,0.7291194927255962
2019-01-29 00:00:00+00:00,
2019-01-30 00:00:00+00:00,
2019-01-31 00:00:00+00:00,
2019-02-01 00:00:00+00:00,
2019-02-02 00:00:00+00:00,
2019-02-03 00:00:00+00:00,
2019-02-04 00:00:00+00:00,
2019-02-05 00:00:00+00:00,
2019-02-06 00:00:00+00:00,0.9146829269656646
2019-02-07 00:00:00+00:00,
2019-02-08 00:00:00+00:00,
2019-02-09 00:00:00+00:00,
2019-02-10 00:00:00+00:00,
2019-02-11 00:00:00+00:00,
2019-02-12 00:00:00+00:00,0.9918285697126455
2019-02-13 00:00:00+00:00,
2019-02-14 00:00:00+00:00,
2019-02-15 00:00:00+00:00,0.9425165613841244
2019-02-16 00:00:00+00:00,0.849153887417447
2019-02-17 00:00:00+00:00,0.9750170292521426
2019-02-18 00:00:00+00:00,
2019-02-19 00:00:00+00:00,0.7720429632292903
2019-02-20 00:00:00+00:00,0.9725645470690083
2019-02-21 00:00:00+00:00,0.9935881451514037
2019-02-22 00:00:00+00:00,0.9226024388704341
2019-02-23 00:00:00+00:00,1.0108598269163518
2019-02-24 00:00:00+00:00,0.9613194852701682
2019-02-25 00:00:00+00:00,0.9788881678253729
2019-02-26 00:00:00+00:00,0.8310758808089587
2019-02-27 00:00:00+00:00,0.8766729953088257
2019-02-28 00:00:00+00:00,0.9827129594941435
2019-03-01 00:00:00+00:00,0.8803607712489168
2019-03-02 00:00:00+00:00,0.9743872974721556
2019-03-03 00:00:00+00:00,0.9820547277985967
2019-03-04 00:00:00+00:00,0.981697471536778
2019-03-05 00:00:00+00:00,0.9640591972507317
2019-03-06 00:00:00+00:00,0.9574310300107611
2019-03-07 00:00:00+00:00,0.9734310374704008
2019-03-08 00:00:00+00:00,0.7995762378756303
2019-03-09 00:00:00+00:00,0.7934348720964001
2019-03-10 00:00:00+00:00,0.808646751572337
2019-03-11 00:00:00+00:00,0.9747249816475945
2019-03-12 00:00:00+00:00,0.9778362494644947
2019-03-13 00:00:00+00:00,0.9658456829038373
2019-03-14 00:00:00+00:00,0.8324099231423948
2019-03-15 00:00:00+00:00,0.8374386340349306
2019-03-16 00:00:00+00:00,0.8160698911715878
2019-03-17 00:00:00+00:00,0.8707263275528632
2019-03-18 00:00:00+00:00,0.8658331284616483
2019-03-19 00:00:00+00:00,0.990136697494287
2019-03-20 00:00:00+00:00,0.9848483916318983
2019-03-21 00:00:00+00:00,0.8592661980186075
2019-03-22 00:00:00+00:00,0.9691081609682246
2019-03-23 00:00:00+00:00,0.915513155913136
2019-03-24 00:00:00+00:00,0.9647043295645336
2019-03-25 00:00:00+00:00,0.9809746837090594
2019-03-26 00:00:00+00:00,
2019-03-27 00:00:00+00:00,
2019-03-28 00:00:00+00:00,
2019-03-29 00:00:00+00:00,
2019-03-30 00:00:00+00:00,
2019-03-31 00:00:00+00:00,
2019-04-01 00:00:00+00:00,
2019-04-02 00:00:00+00:00,
2019-04-03 00:00:00+00:00,
2019-04-04 00:00:00+00:00,
2019-04-05 00:00:00+00:00,
2019-04-06 00:00:00+00:00,
2019-04-07 00:00:00+00:00,
2019-04-08 00:00:00+00:00,
2019-04-09 00:00:00+00:00,
2019-04-10 00:00:00+00:00,
2019-04-11 00:00:00+00:00,
2019-04-12 00:00:00+00:00,
2019-04-13 00:00:00+00:00,
2019-04-14 00:00:00+00:00,
2019-04-15 00:00:00+00:00,
2019-04-16 00:00:00+00:00,
2019-04-17 00:00:00+00:00,
2019-04-18 00:00:00+00:00,
2019-04-19 00:00:00+00:00,
2019-04-20 00:00:00+00:00,
2019-04-21 00:00:00+00:00,
2019-04-22 00:00:00+00:00,
2019-04-23 00:00:00+00:00,
2019-04-24 00:00:00+00:00,
2019-04-25 00:00:00+00:00,
2019-04-26 00:00:00+00:00,
2019-04-27 00:00:00+00:00,
2019-04-28 00:00:00+00:00,
2019-04-29 00:00:00+00:00,
2019-04-30 00:00:00+00:00,
2019-05-01 00:00:00+00:00,
2019-05-02 00:00:00+00:00,
2019-05-03 00:00:00+00:00,
2019-05-04 00:00:00+00:00,
2019-05-05 00:00:00+00:00,
2019-05-06 00:00:00+00:00,
2019-05-07 00:00:00+00:00,
2019-05-08 00:00:00+00:00,
2019-05-09 00:00:00+00:00,
2019-05-10 00:00:00+00:00,
2019-05-11 00:00:00+00:00,
2019-05-12 00:00:00+00:00,
2019-05-13 00:00:00+00:00,
2019-05-14 00:00:00+00:00,
2019-05-15 00:00:00+00:00,
2019-05-16 00:00:00+00:00,
2019-05-17 00:00:00+00:00,
2019-05-18 00:00:00+00:00,
2019-05-19 00:00:00+00:00,
2019-05-20 00:00:00+00:00,
2019-05-21 00:00:00+00:00,
2019-05-22 00:00:00+00:00,
2019-05-23 00:00:00+00:00,
2019-05-24 00:00:00+00:00,
2019-05-25 00:00:00+00:00,
2019-05-26 00:00:00+00:00,
2019-05-27 00:00:00+00:00,
2019-05-28 00:00:00+00:00,
2019-05-29 00:00:00+00:00,
2019-05-30 00:00:00+00:00,
2019-05-31 00:00:00+00:00,0.936987144741061
2019-06-01 00:00:00+00:00,0.9407367921181575
2019-06-02 00:00:00+00:00,0.9593643711690785
2019-06-03 00:00:00+00:00,0.8942326037455881
2019-06-04 00:00:00+00:00,
2019-06-05 00:00:00+00:00,0.9569517922798255
2019-06-06 00:00:00+00:00,0.9489808366824176
2019-06-07 00:00:00+00:00,0.9832559021980863
2019-06-08 00:00:00+00:00,0.9762662503287707
2019-06-09 00:00:00+00:00,0.9912740141204252
2019-06-10 00:00:00+00:00,0.9686697304902101
2019-06-11 00:00:00+00:00,0.9517435605066789
2019-06-12 00:00:00+00:00,0.9316978481439845
2019-06-13 00:00:00+00:00,0.9839474682458375
2019-06-14 00:00:00+00:00,0.9709860633488678
2019-06-15 00:00:00+00:00,0.9822726789793206
2019-06-16 00:00:00+00:00,0.9907302884937433
2019-06-17 00:00:00+00:00,0.9780588783406058
2019-06-18 00:00:00+00:00,0.987685830286624
2019-06-19 00:00:00+00:00,0.9464278739137238
2019-06-20 00:00:00+00:00,0.9769568259012842
2019-06-21 00:00:00+00:00,0.9318374503173572
2019-06-22 00:00:00+00:00,0.9664270343694095
2019-06-23 00:00:00+00:00,0.8863522301022376
2019-06-24 00:00:00+00:00,0.9766209605924191
2019-06-25 00:00:00+00:00,0.9653250863246583
2019-06-26 00:00:00+00:00,0.9860794029915344
2019-06-27 00:00:00+00:00,0.9412366667896878
2019-06-28 00:00:00+00:00,0.9734702219855582
2019-06-29 00:00:00+00:00,0.9034774755560288
2019-06-30 00:00:00+00:00,0.9685136355232825
2019-07-01 00:00:00+00:00,0.7883218959934286
2019-07-02 00:00:00+00:00,0.9855687582719027
2019-07-03 00:00:00+00:00,0.9210228677420834
2019-07-04 00:00:00+00:00,0.9174121809345938
2019-07-05 00:00:00+00:00,0.8904749422016345
2019-07-06 00:00:00+00:00,0.9177796338193486
2019-07-07 00:00:00+00:00,0.8711930199454795
2019-07-08 00:00:00+00:00,0.9890980347085537
2019-07-09 00:00:00+00:00,0.9800963739283179
2019-07-10 00:00:00+00:00,0.9440105268509174
2019-07-11 00:00:00+00:00,0.9652315856921526
2019-07-12 00:00:00+00:00,0.9866324177954389
2019-07-13 00:00:00+00:00,0.9172020130384274
2019-07-14 00:00:00+00:00,0.971469626980607
2019-07-15 00:00:00+00:00,0.9784913308563558
2019-07-16 00:00:00+00:00,0.9875896814475533
2019-07-17 00:00:00+00:00,0.9263537806849036
2019-07-18 00:00:00+00:00,0.9859188385846832
2019-07-19 00:00:00+00:00,0.930990676003562
2019-07-20 00:00:00+00:00,0.9722657359027392
2019-07-21 00:00:00+00:00,0.9988837962020019
2019-07-22 00:00:00+00:00,0.9867815916733813
2019-07-23 00:00:00+00:00,0.9928542514448048
2019-07-24 00:00:00+00:00,0.9909235722552527
2019-07-25 00:00:00+00:00,0.9805254527857374
2019-07-26 00:00:00+00:00,0.999963680762113
2019-07-27 00:00:00+00:00,
2019-07-28 00:00:00+00:00,0.9827926989460066
2019-07-29 00:00:00+00:00,0.9691765450999834
2019-07-30 00:00:00+00:00,0.933527211140921
2019-07-31 00:00:00+00:00,0.935215923273687
2019-08-01 00:00:00+00:00,0.9387849027861157
2019-08-02 00:00:00+00:00,0.9406045680447873
2019-08-03 00:00:00+00:00,0.9041132227321332
2019-08-04 00:00:00+00:00,0.9958821104333583
2019-08-05 00:00:00+00:00,0.8937466432993354
2019-08-06 00:00:00+00:00,0.8870172539046927
2019-08-07 00:00:00+00:00,0.8833067822410182
2019-08-08 00:00:00+00:00,0.9342536633077279
2019-08-09 00:00:00+00:00,0.996853785293391
2019-08-10 00:00:00+00:00,0.957099378627747
2019-08-11 00:00:00+00:00,0.9833832058306115
2019-08-12 00:00:00+00:00,0.9932096972207792
2019-08-13 00:00:00+00:00,0.9049025972779793
2019-08-14 00:00:00+00:00,0.9641162100828475
2019-08-15 00:00:00+00:00,0.9466411684114744
2019-08-16 00:00:00+00:00,0.8853916013549534
2019-08-17 00:00:00+00:00,0.9510500008964934
2019-08-18 00:00:00+00:00,0.9557521260047902
2019-08-19 00:00:00+00:00,0.964544546249462
2019-08-20 00:00:00+00:00,0.9419143212443893
2019-08-21 00:00:00+00:00,0.898667433477237
2019-08-22 00:00:00+00:00,0.9829520197578804
2019-08-23 00:00:00+00:00,0.9840173389767668
2019-08-24 00:00:00+00:00,0.9768832681443904
2019-08-25 00:00:00+00:00,0.8412853242969762
2019-08-26 00:00:00+00:00,0.9517948326659802
2019-08-27 00:00:00+00:00,0.9354599775945867
2019-08-28 00:00:00+00:00,0.9911211824838856
2019-08-29 00:00:00+00:00,0.9774101164830087
2019-08-30 00:00:00+00:00,0.9934338939186362
2019-08-31 00:00:00+00:00,0.9212482831201138
2019-09-01 00:00:00+00:00,0.819696524142778
2019-09-02 00:00:00+00:00,0.9108543533133873
2019-09-03 00:00:00+00:00,0.9507379541561767
2019-09-04 00:00:00+00:00,0.9785506170055073
2019-09-05 00:00:00+00:00,0.8800548571311826
2019-09-06 00:00:00+00:00,0.9385937959830392
2019-09-07 00:00:00+00:00,0.975700061615827
2019-09-08 00:00:00+00:00,0.8937084258774375
2019-09-09 00:00:00+00:00,0.9792857226798888
2019-09-10 00:00:00+00:00,0.9572682321636082
2019-09-11 00:00:00+00:00,0.9446992968241371
2019-09-12 00:00:00+00:00,0.929229960953317
2019-09-13 00:00:00+00:00,0.9349966667216043
2019-09-14 00:00:00+00:00,0.9799895952494636
2019-09-15 00:00:00+00:00,0.9784855447251771
2019-09-16 00:00:00+00:00,0.8437460319428292
2019-09-17 00:00:00+00:00,0.8855328094222515
2019-09-18 00:00:00+00:00,0.9654038488942377
2019-09-19 00:00:00+00:00,0.9593810243061546
2019-09-20 00:00:00+00:00,0.9774547637120562
2019-09-21 00:00:00+00:00,0.9264471795133321
2019-09-22 00:00:00+00:00,0.9680713505652403
2019-09-23 00:00:00+00:00,0.8838624447255529
2019-09-24 00:00:00+00:00,0.8592536899902914
2019-09-25 00:00:00+00:00,
2019-09-26 00:00:00+00:00,0.9093773411540719
2019-09-27 00:00:00+00:00,
2019-09-28 00:00:00+00:00,0.8592865296549066
2019-09-29 00:00:00+00:00,
2019-09-30 00:00:00+00:00,
2019-10-01 00:00:00+00:00,
2019-10-02 00:00:00+00:00,0.9628980054809122
2019-10-03 00:00:00+00:00,0.8801753867661103
2019-10-04 00:00:00+00:00,0.9445829898587512
2019-10-05 00:00:00+00:00,0.9392616230692268
2019-10-06 00:00:00+00:00,
2019-10-07 00:00:00+00:00,
2019-10-08 00:00:00+00:00,0.9365912002476957
2019-10-09 00:00:00+00:00,
2019-10-10 00:00:00+00:00,0.9117467548409561
2019-10-11 00:00:00+00:00,0.8672973123965259
2019-10-12 00:00:00+00:00,
2019-10-13 00:00:00+00:00,
2019-10-14 00:00:00+00:00,0.8043448429451867
2019-10-15 00:00:00+00:00,0.8591886476920088
2019-10-16 00:00:00+00:00,
2019-10-17 00:00:00+00:00,
2019-10-18 00:00:00+00:00,
2019-10-19 00:00:00+00:00,0.8534638369633998
2019-10-20 00:00:00+00:00,0.9843627741136826
2019-10-21 00:00:00+00:00,0.9148861279818868
2019-10-22 00:00:00+00:00,
2019-10-23 00:00:00+00:00,0.9705408937395852
2019-10-24 00:00:00+00:00,
2019-10-25 00:00:00+00:00,
2019-10-26 00:00:00+00:00,
2019-10-27 00:00:00+00:00,0.8491744138021728
2019-10-28 00:00:00+00:00,0.9735366545598818
2019-10-29 00:00:00+00:00,0.9638828785841089
2019-10-30 00:00:00+00:00,0.95227924141
2019-10-31 00:00:00+00:00,
2019-11-01 00:00:00+00:00,0.8558905284717541
2019-11-02 00:00:00+00:00,
2019-11-03 00:00:00+00:00,
2019-11-04 00:00:00+00:00,0.7907888074008816
2019-11-05 00:00:00+00:00,0.7532209110322388
2019-11-06 00:00:00+00:00,
2019-11-07 00:00:00+00:00,
2019-11-08 00:00:00+00:00,0.7181965078157925
2019-11-09 00:00:00+00:00,0.7076095356045079
2019-11-10 00:00:00+00:00,0.7274722904834738
2019-11-11 00:00:00+00:00,
2019-11-12 00:00:00+00:00,
2019-11-13 00:00:00+00:00,
2019-11-14 00:00:00+00:00,
2019-11-15 00:00:00+00:00,
2019-11-16 00:00:00+00:00,
2019-11-17 00:00:00+00:00,
2019-11-18 00:00:00+00:00,
2019-11-19 00:00:00+00:00,
2019-11-20 00:00:00+00:00,
2019-11-21 00:00:00+00:00,
2019-11-22 00:00:00+00:00,
2019-11-23 00:00:00+00:00,
2019-11-24 00:00:00+00:00,
2019-11-25 00:00:00+00:00,
2019-11-26 00:00:00+00:00,
2019-11-27 00:00:00+00:00,0.7437875656559678
2019-11-28 00:00:00+00:00,
2019-11-29 00:00:00+00:00,
2019-11-30 00:00:00+00:00,
2019-12-01 00:00:00+00:00,
2019-12-02 00:00:00+00:00,
2019-12-03 00:00:00+00:00,
2019-12-04 00:00:00+00:00,
2019-12-05 00:00:00+00:00,
2019-12-06 00:00:00+00:00,
2019-12-07 00:00:00+00:00,
2019-12-08 00:00:00+00:00,
2019-12-09 00:00:00+00:00,
2019-12-10 00:00:00+00:00,
2019-12-11 00:00:00+00:00,
2019-12-12 00:00:00+00:00,
2019-12-13 00:00:00+00:00,
2019-12-14 00:00:00+00:00,
2019-12-15 00:00:00+00:00,
2019-12-16 00:00:00+00:00,
2019-12-17 00:00:00+00:00,
2019-12-18 00:00:00+00:00,
2019-12-19 00:00:00+00:00,
2019-12-20 00:00:00+00:00,
2019-12-21 00:00:00+00:00,
2019-12-22 00:00:00+00:00,
2019-12-23 00:00:00+00:00,
2019-12-24 00:00:00+00:00,
2019-12-25 00:00:00+00:00,
2019-12-26 00:00:00+00:00,
2019-12-27 00:00:00+00:00,
2019-12-28 00:00:00+00:00,
2019-12-29 00:00:00+00:00,
2019-12-30 00:00:00+00:00,
2019-12-31 00:00:00+00:00,
2020-01-01 00:00:00+00:00,
2020-01-02 00:00:00+00:00,
2020-01-03 00:00:00+00:00,
2020-01-04 00:00:00+00:00,
2020-01-05 00:00:00+00:00,
2020-01-06 00:00:00+00:00,
2020-01-07 00:00:00+00:00,
2020-01-08 00:00:00+00:00,
2020-01-09 00:00:00+00:00,
2020-01-10 00:00:00+00:00,
2020-01-11 00:00:00+00:00,
2020-01-12 00:00:00+00:00,
2020-01-13 00:00:00+00:00,0.6324265166894941
2020-01-14 00:00:00+00:00,
2020-01-15 00:00:00+00:00,
2020-01-16 00:00:00+00:00,
2020-01-17 00:00:00+00:00,
2020-01-18 00:00:00+00:00,
2020-01-19 00:00:00+00:00,
2020-01-20 00:00:00+00:00,
2020-01-21 00:00:00+00:00,0.7733053510104826
2020-01-22 00:00:00+00:00,0.7968715528094765
2020-01-23 00:00:00+00:00,
2020-01-24 00:00:00+00:00,0.7712606759393321
2020-01-25 00:00:00+00:00,0.761533960443422
2020-01-26 00:00:00+00:00,0.6737477307696115
2020-01-27 00:00:00+00:00,
2020-01-28 00:00:00+00:00,
2020-01-29 00:00:00+00:00,
2020-01-30 00:00:00+00:00,
2020-01-31 00:00:00+00:00,
2020-02-01 00:00:00+00:00,
2020-02-02 00:00:00+00:00,
2020-02-03 00:00:00+00:00,0.8890251703032794
2020-02-04 00:00:00+00:00,0.9357210331544197
2020-02-05 00:00:00+00:00,0.8892065242836018
2020-02-06 00:00:00+00:00,0.8756985004214188
2020-02-07 00:00:00+00:00,
2020-02-08 00:00:00+00:00,0.8445499772936962
2020-02-09 00:00:00+00:00,
2020-02-10 00:00:00+00:00,0.8887185384842792
2020-02-11 00:00:00+00:00,0.7647959057183322
2020-02-12 00:00:00+00:00,
2020-02-13 00:00:00+00:00,0.8598175864764168
2020-02-14 00:00:00+00:00,0.8030321216506855
2020-02-15 00:00:00+00:00,
2020-02-16 00:00:00+00:00,
2020-02-17 00:00:00+00:00,0.4959758181431411
2020-02-18 00:00:00+00:00,
2020-02-19 00:00:00+00:00,0.5119976972037132
2020-02-20 00:00:00+00:00,
2020-02-21 00:00:00+00:00,
2020-02-22 00:00:00+00:00,0.9007376210871167
2020-02-23 00:00:00+00:00,0.8471378965758646
2020-02-24 00:00:00+00:00,0.8634911049075946
2020-02-25 00:00:00+00:00,0.972970108723102
2020-02-26 00:00:00+00:00,0.9876071677655031
2020-02-27 00:00:00+00:00,0.9708566711280471
2020-02-28 00:00:00+00:00,0.9766117876112604
2020-02-29 00:00:00+00:00,0.9855210237874714
2020-03-01 00:00:00+00:00,0.982679885243676
2020-03-02 00:00:00+00:00,0.9474207779959417
2020-03-03 00:00:00+00:00,0.9767019108074332
2020-03-04 00:00:00+00:00,0.946768791625609
2020-03-05 00:00:00+00:00,
2020-03-06 00:00:00+00:00,0.9169816965259838
2020-03-07 00:00:00+00:00,0.9255004274572546
2020-03-08 00:00:00+00:00,0.8330208470661508
2020-03-09 00:00:00+00:00,0.8226275537141097
2020-03-10 00:00:00+00:00,0.959399235094667
2020-03-11 00:00:00+00:00,0.9263593545936889
2020-03-12 00:00:00+00:00,0.8236731576452252
2020-03-13 00:00:00+00:00,0.6312308412442031
2020-03-14 00:00:00+00:00,0.9556043077941825
2020-03-15 00:00:00+00:00,0.8392288449735261
2020-03-16 00:00:00+00:00,0.9642851005899415
2020-03-17 00:00:00+00:00,0.8037163429563681
2020-03-18 00:00:00+00:00,0.9698575349770961
2020-03-19 00:00:00+00:00,0.9531160254236735
2020-03-20 00:00:00+00:00,0.9605192604498366
2020-03-21 00:00:00+00:00,0.9618465925517178
2020-03-22 00:00:00+00:00,0.9450575791750895
2020-03-23 00:00:00+00:00,0.9581146079010477
2020-03-24 00:00:00+00:00,0.9666922018101154
2020-03-25 00:00:00+00:00,0.9096170016355756
2020-03-26 00:00:00+00:00,0.9770260123573931
2020-03-27 00:00:00+00:00,0.8810041936135309
2020-03-28 00:00:00+00:00,0.8943677837576921
2020-03-29 00:00:00+00:00,0.9667874975262619
2020-03-30 00:00:00+00:00,0.9684040946924445
2020-03-31 00:00:00+00:00,0.8617864313032672
2020-04-01 00:00:00+00:00,0.9605022157723493
2020-04-02 00:00:00+00:00,0.9688592586735723
2020-04-03 00:00:00+00:00,0.9629223790329102
2020-04-04 00:00:00+00:00,0.9644291473100368
2020-04-05 00:00:00+00:00,0.9611578541413244
2020-04-06 00:00:00+00:00,0.9679444309781754
2020-04-07 00:00:00+00:00,0.8537866670144528
2020-04-08 00:00:00+00:00,0.997428427636494
2020-04-09 00:00:00+00:00,0.9546168665337469
2020-04-10 00:00:00+00:00,0.9762668196363483
2020-04-11 00:00:00+00:00,0.9614433685403037
2020-04-12 00:00:00+00:00,0.9270861709261121
2020-04-13 00:00:00+00:00,0.9151643147021303
2020-04-14 00:00:00+00:00,0.9446279580281653
2020-04-15 00:00:00+00:00,0.9576274571252721
2020-04-16 00:00:00+00:00,0.9802774654405711
2020-04-17 00:00:00+00:00,0.9056174236714472
2020-04-18 00:00:00+00:00,0.9421800611338542
2020-04-19 00:00:00+00:00,0.9757118183319758
2020-04-20 00:00:00+00:00,0.9742013053259218
2020-04-21 00:00:00+00:00,0.9657449463951502
2020-04-22 00:00:00+00:00,0.9879175490279978
2020-04-23 00:00:00+00:00,0.9844549967394818
2020-04-24 00:00:00+00:00,0.9639131007803645
2020-04-25 00:00:00+00:00,0.9070859699332916
2020-04-26 00:00:00+00:00,0.9807631630182796
2020-04-27 00:00:00+00:00,0.9754309388592634
2020-04-28 00:00:00+00:00,0.9813038484124097
2020-04-29 00:00:00+00:00,0.9702988284275331
2020-04-30 00:00:00+00:00,0.9652326557261779
2020-05-01 00:00:00+00:00,0.9840377027770826
2020-05-02 00:00:00+00:00,0.9867352223782445
2020-05-03 00:00:00+00:00,0.9369060066279662
2020-05-04 00:00:00+00:00,0.9261003496114708
2020-05-05 00:00:00+00:00,0.9734952099402397
2020-05-06 00:00:00+00:00,0.9975951234794145
2020-05-07 00:00:00+00:00,0.98375586750687
2020-05-08 00:00:00+00:00,0.9891680028021195
2020-05-09 00:00:00+00:00,0.9811387000424775
2020-05-10 00:00:00+00:00,0.9309974198133563
2020-05-11 00:00:00+00:00,0.9821895255811112
2020-05-12 00:00:00+00:00,0.9950079991877158
2020-05-13 00:00:00+00:00,0.9903843333017748
2020-05-14 00:00:00+00:00,1.0168493717086824
2020-05-15 00:00:00+00:00,1.0107889127330654
2020-05-16 00:00:00+00:00,0.9856278360473057
2020-05-17 00:00:00+00:00,0.9888769596036513
2020-05-18 00:00:00+00:00,0.9813458362534134
2020-05-19 00:00:00+00:00,1.00663684897954
2020-05-20 00:00:00+00:00,0.9759382482626957
2020-05-21 00:00:00+00:00,0.970881264417428
2020-05-22 00:00:00+00:00,0.9742333290429659
2020-05-23 00:00:00+00:00,0.9705294696155222
2020-05-24 00:00:00+00:00,0.9745783888507071
2020-05-25 00:00:00+00:00,0.9685500196090037
2020-05-26 00:00:00+00:00,0.9653857411682473
2020-05-27 00:00:00+00:00,0.9606537606166173
2020-05-28 00:00:00+00:00,0.9597740198647714
2020-05-29 00:00:00+00:00,0.890506421494366
2020-05-30 00:00:00+00:00,0.966430895950487
2020-05-31 00:00:00+00:00,0.9135569366543574
2020-06-01 00:00:00+00:00,0.9634934306646157
2020-06-02 00:00:00+00:00,0.9562073167214651
2020-06-03 00:00:00+00:00,0.8679933237519211
2020-06-04 00:00:00+00:00,0.9411258395082337
2020-06-05 00:00:00+00:00,0.903420576977818
2020-06-06 00:00:00+00:00,0.870212576781717
2020-06-07 00:00:00+00:00,0.94534751711496
2020-06-08 00:00:00+00:00,0.8981302512003922
2020-06-09 00:00:00+00:00,0.9474724367941915
2020-06-10 00:00:00+00:00,0.9529724521134109
2020-06-11 00:00:00+00:00,0.9744657488522025
2020-06-12 00:00:00+00:00,0.9698678040506958
2020-06-13 00:00:00+00:00,0.9705164770715723
2020-06-14 00:00:00+00:00,0.9755373764504814
2020-06-15 00:00:00+00:00,0.9533279320285559
2020-06-16 00:00:00+00:00,0.9681696306684727
2020-06-17 00:00:00+00:00,0.9702516606556303
2020-06-18 00:00:00+00:00,0.9675082653689261
2020-06-19 00:00:00+00:00,0.9770412750940598
2020-06-20 00:00:00+00:00,0.9653131027051791
2020-06-21 00:00:00+00:00,0.9708481080187465
2020-06-22 00:00:00+00:00,0.9699655853314793
2020-06-23 00:00:00+00:00,0.9704187924232018
2020-06-24 00:00:00+00:00,0.9653737231117454
2020-06-25 00:00:00+00:00,0.9743962393088926
2020-06-26 00:00:00+00:00,0.9686614167064096
2020-06-27 00:00:00+00:00,0.9415825971837999
2020-06-28 00:00:00+00:00,0.9758108006729899
2020-06-29 00:00:00+00:00,0.9848027785715413
2020-06-30 00:00:00+00:00,0.9216997740579629
2020-07-01 00:00:00+00:00,
2020-07-02 00:00:00+00:00,0.9627787084024614
2020-07-03 00:00:00+00:00,0.9696175218935994
2020-07-04 00:00:00+00:00,0.8850799169483198
2020-07-05 00:00:00+00:00,0.9667826043491912
2020-07-06 00:00:00+00:00,0.9469893822100947
2020-07-07 00:00:00+00:00,0.8979848357578395
2020-07-08 00:00:00+00:00,0.9673228863959142
2020-07-09 00:00:00+00:00,0.9675657605371527
2020-07-10 00:00:00+00:00,0.9030447738399957
2020-07-11 00:00:00+00:00,0.9663652604595403
2020-07-12 00:00:00+00:00,0.9233553922515194
2020-07-13 00:00:00+00:00,0.9755767819185004
2020-07-14 00:00:00+00:00,0.9202082161831051
2020-07-15 00:00:00+00:00,0.9648687487731736
2020-07-16 00:00:00+00:00,0.9753155289453573
2020-07-17 00:00:00+00:00,0.9713276198783728
2020-07-18 00:00:00+00:00,0.9692727926108258
2020-07-19 00:00:00+00:00,0.9273413294565348
2020-07-20 00:00:00+00:00,0.9802202199561569
2020-07-21 00:00:00+00:00,0.984821146096072
2020-07-22 00:00:00+00:00,0.929772802827023
2020-07-23 00:00:00+00:00,0.8914870949808017
2020-07-24 00:00:00+00:00,0.9781140715961065
2020-07-25 00:00:00+00:00,0.9702561556265471
2020-07-26 00:00:00+00:00,0.9060106144216374
2020-07-27 00:00:00+00:00,0.9712222290694922
2020-07-28 00:00:00+00:00,0.9899747288253644
2020-07-29 00:00:00+00:00,0.9828458110895912
2020-07-30 00:00:00+00:00,0.9785891890352851
2020-07-31 00:00:00+00:00,0.9808740295520965
2020-08-01 00:00:00+00:00,0.9735405879995526
2020-08-02 00:00:00+00:00,0.9572955066291684
2020-08-03 00:00:00+00:00,0.9580039149504775
2020-08-04 00:00:00+00:00,0.9637641360554768
2020-08-05 00:00:00+00:00,0.9718151969490669
2020-08-06 00:00:00+00:00,0.9730399786879742
2020-08-07 00:00:00+00:00,0.983569053124088
2020-08-08 00:00:00+00:00,0.9810315851961795
2020-08-09 00:00:00+00:00,0.9684292392714124
2020-08-10 00:00:00+00:00,0.9607471064814671
2020-08-11 00:00:00+00:00,0.9647996929126827
2020-08-12 00:00:00+00:00,0.9273750947166223
2020-08-13 00:00:00+00:00,0.9472400345936086
2020-08-14 00:00:00+00:00,0.9577036277212079
2020-08-15 00:00:00+00:00,0.9437998908964051
2020-08-16 00:00:00+00:00,0.9684745196425993
2020-08-17 00:00:00+00:00,0.9255888879716225
2020-08-18 00:00:00+00:00,0.9867918946693768
2020-08-19 00:00:00+00:00,0.9799601907208062
2020-08-20 00:00:00+00:00,
2020-08-21 00:00:00+00:00,0.958750001211589
2020-08-22 00:00:00+00:00,0.9666281390080051
2020-08-23 00:00:00+00:00,0.9377493534254697
2020-08-24 00:00:00+00:00,0.9716112737277139
2020-08-25 00:00:00+00:00,0.9760929315718445
2020-08-26 00:00:00+00:00,0.9849491188700705
2020-08-27 00:00:00+00:00,0.9249674179489208
2020-08-28 00:00:00+00:00,0.9768288921234318
2020-08-29 00:00:00+00:00,0.9674620795081172
2020-08-30 00:00:00+00:00,0.969725033463768
2020-08-31 00:00:00+00:00,0.7840797538061918
2020-09-01 00:00:00+00:00,0.9527711623876206
2020-09-02 00:00:00+00:00,0.971985418799601
2020-09-03 00:00:00+00:00,0.9739613607447969
2020-09-04 00:00:00+00:00,0.8358979283112974
2020-09-05 00:00:00+00:00,0.8361546596416697
2020-09-06 00:00:00+00:00,0.9435791654494854
2020-09-07 00:00:00+00:00,0.9560227744524782
2020-09-08 00:00:00+00:00,0.9520853477718251
2020-09-09 00:00:00+00:00,0.960866888168403
2020-09-10 00:00:00+00:00,0.9293051776546184
2020-09-11 00:00:00+00:00,0.966117744853208
2020-09-12 00:00:00+00:00,0.8765156189278401
2020-09-13 00:00:00+00:00,0.9232069360120793
2020-09-14 00:00:00+00:00,
2020-09-15 00:00:00+00:00,0.9364517071734855
2020-09-16 00:00:00+00:00,
2020-09-17 00:00:00+00:00,0.9248223421261985
2020-09-18 00:00:00+00:00,0.8519169638092701
2020-09-19 00:00:00+00:00,0.9622267767781553
2020-09-20 00:00:00+00:00,0.8312751408367782
2020-09-21 00:00:00+00:00,0.891410508729863
2020-09-22 00:00:00+00:00,0.9011213344865718
2020-09-23 00:00:00+00:00,
2020-09-24 00:00:00+00:00,0.9572055952085566
2020-09-25 00:00:00+00:00,0.9458571524272659
2020-09-26 00:00:00+00:00,
2020-09-27 00:00:00+00:00,0.9458459613856727
2020-09-28 00:00:00+00:00,
2020-09-29 00:00:00+00:00,0.9477748519845383
2020-09-30 00:00:00+00:00,0.8712276368418349
2020-10-01 00:00:00+00:00,
2020-10-02 00:00:00+00:00,
2020-10-03 00:00:00+00:00,
2020-10-04 00:00:00+00:00,
2020-10-05 00:00:00+00:00,
2020-10-06 00:00:00+00:00,
2020-10-07 00:00:00+00:00,
2020-10-08 00:00:00+00:00,
2020-10-09 00:00:00+00:00,0.936558355972732
2020-10-10 00:00:00+00:00,0.8528130092528186
2020-10-11 00:00:00+00:00,
2020-10-12 00:00:00+00:00,
2020-10-13 00:00:00+00:00,0.798134918355925
2020-10-14 00:00:00+00:00,
2020-10-15 00:00:00+00:00,0.9562444621256845
2020-10-16 00:00:00+00:00,0.9158214202445343
2020-10-17 00:00:00+00:00,
2020-10-18 00:00:00+00:00,
2020-10-19 00:00:00+00:00,0.9086954333581818
2020-10-20 00:00:00+00:00,0.9850661860683106
2020-10-21 00:00:00+00:00,0.7783972130773742
2020-10-22 00:00:00+00:00,
2020-10-23 00:00:00+00:00,
2020-10-24 00:00:00+00:00,
2020-10-25 00:00:00+00:00,
2020-10-26 00:00:00+00:00,
2020-10-27 00:00:00+00:00,
2020-10-28 00:00:00+00:00,
2020-10-29 00:00:00+00:00,
2020-10-30 00:00:00+00:00,0.9538670461440267
2020-10-31 00:00:00+00:00,0.9500047250612006
2020-11-01 00:00:00+00:00,
2020-11-02 00:00:00+00:00,
2020-11-03 00:00:00+00:00,0.9635129202994095
2020-11-04 00:00:00+00:00,0.9005007658193133
2020-11-05 00:00:00+00:00,0.769146123169192
2020-11-06 00:00:00+00:00,0.768147705248261
2020-11-07 00:00:00+00:00,0.7202830535868157
2020-11-08 00:00:00+00:00,0.9066265849869647
2020-11-09 00:00:00+00:00,0.8957371664797378
2020-11-10 00:00:00+00:00,0.8847653551468236
2020-11-11 00:00:00+00:00,
2020-11-12 00:00:00+00:00,
2020-11-13 00:00:00+00:00,
2020-11-14 00:00:00+00:00,
2020-11-15 00:00:00+00:00,
2020-11-16 00:00:00+00:00,
2020-11-17 00:00:00+00:00,
2020-11-18 00:00:00+00:00,
2020-11-19 00:00:00+00:00,
2020-11-20 00:00:00+00:00,0.7761745016885903
2020-11-21 00:00:00+00:00,
2020-11-22 00:00:00+00:00,
2020-11-23 00:00:00+00:00,
2020-11-24 00:00:00+00:00,0.7475152832862778
2020-11-25 00:00:00+00:00,
2020-11-26 00:00:00+00:00,
2020-11-27 00:00:00+00:00,
2020-11-28 00:00:00+00:00,
2020-11-29 00:00:00+00:00,
2020-11-30 00:00:00+00:00,
2020-12-01 00:00:00+00:00,
2020-12-02 00:00:00+00:00,
2020-12-03 00:00:00+00:00,
2020-12-04 00:00:00+00:00,
2020-12-05 00:00:00+00:00,
2020-12-06 00:00:00+00:00,
2020-12-07 00:00:00+00:00,
2020-12-08 00:00:00+00:00,
2020-12-09 00:00:00+00:00,
2020-12-10 00:00:00+00:00,
2020-12-11 00:00:00+00:00,
2020-12-12 00:00:00+00:00,
2020-12-13 00:00:00+00:00,
2020-12-14 00:00:00+00:00,
2020-12-15 00:00:00+00:00,
2020-12-16 00:00:00+00:00,
2020-12-17 00:00:00+00:00,
2020-12-18 00:00:00+00:00,
2020-12-19 00:00:00+00:00,
2020-12-20 00:00:00+00:00,
2020-12-21 00:00:00+00:00,
2020-12-22 00:00:00+00:00,
2020-12-23 00:00:00+00:00,
2020-12-24 00:00:00+00:00,
2020-12-25 00:00:00+00:00,
2020-12-26 00:00:00+00:00,
2020-12-27 00:00:00+00:00,
2020-12-28 00:00:00+00:00,
2020-12-29 00:00:00+00:00,
2020-12-30 00:00:00+00:00,
2020-12-31 00:00:00+00:00,
2021-01-01 00:00:00+00:00,
2021-01-02 00:00:00+00:00,
2021-01-03 00:00:00+00:00,
2021-01-04 00:00:00+00:00,
2021-01-05 00:00:00+00:00,
2021-01-06 00:00:00+00:00,
2021-01-07 00:00:00+00:00,
2021-01-08 00:00:00+00:00,
2021-01-09 00:00:00+00:00,
2021-01-10 00:00:00+00:00,
2021-01-11 00:00:00+00:00,
2021-01-12 00:00:00+00:00,0.6278782761079019
2021-01-13 00:00:00+00:00,
2021-01-14 00:00:00+00:00,
2021-01-15 00:00:00+00:00,
2021-01-16 00:00:00+00:00,0.8022185328250303
2021-01-17 00:00:00+00:00,0.7801873840436986
2021-01-18 00:00:00+00:00,
2021-01-19 00:00:00+00:00,
2021-01-20 00:00:00+00:00,
2021-01-21 00:00:00+00:00,
2021-01-22 00:00:00+00:00,
2021-01-23 00:00:00+00:00,
2021-01-24 00:00:00+00:00,
2021-01-25 00:00:00+00:00,
2021-01-26 00:00:00+00:00,
2021-01-27 00:00:00+00:00,
2021-01-28 00:00:00+00:00,
2021-01-29 00:00:00+00:00,
2021-01-30 00:00:00+00:00,
2021-01-31 00:00:00+00:00,
2021-02-01 00:00:00+00:00,0.8247511276019608
2021-02-02 00:00:00+00:00,
2021-02-03 00:00:00+00:00,0.8178473441878605
2021-02-04 00:00:00+00:00,0.7096736215444821
2021-02-05 00:00:00+00:00,0.9169117859974057
2021-02-06 00:00:00+00:00,0.9153354072907928
2021-02-07 00:00:00+00:00,0.8747705937198916
2021-02-08 00:00:00+00:00,0.9356414920008539
2021-02-09 00:00:00+00:00,0.9721474897856422
2021-02-10 00:00:00+00:00,0.7345781255709664
2021-02-11 00:00:00+00:00,0.9131810842356642
2021-02-12 00:00:00+00:00,0.7917355440735546
2021-02-13 00:00:00+00:00,0.9266412491483214
2021-02-14 00:00:00+00:00,0.9727937142363817
2021-02-15 00:00:00+00:00,
2021-02-16 00:00:00+00:00,0.8255854872286837
2021-02-17 00:00:00+00:00,0.9521401764289081
2021-02-18 00:00:00+00:00,
2021-02-19 00:00:00+00:00,0.9434484114714604
2021-02-20 00:00:00+00:00,
2021-02-21 00:00:00+00:00,0.9549787184965697
2021-02-22 00:00:00+00:00,
2021-02-23 00:00:00+00:00,
2021-02-24 00:00:00+00:00,
2021-02-25 00:00:00+00:00,
2021-02-26 00:00:00+00:00,0.9567575293464076
2021-02-27 00:00:00+00:00,0.9696593704317744
2021-02-28 00:00:00+00:00,0.965822716724274
2021-03-01 00:00:00+00:00,0.9532844635783747
2021-03-02 00:00:00+00:00,0.9450667596874639
2021-03-03 00:00:00+00:00,0.9191867527857457
2021-03-04 00:00:00+00:00,0.9145705190607007
2021-03-05 00:00:00+00:00,0.9549568676541422
2021-03-06 00:00:00+00:00,0.7413121636821606
2021-03-07 00:00:00+00:00,0.9337597286525172
2021-03-08 00:00:00+00:00,0.9243829761937546
2021-03-09 00:00:00+00:00,0.9456978718074397
2021-03-10 00:00:00+00:00,0.9689670550041697
2021-03-11 00:00:00+00:00,0.9508968539803936
2021-03-12 00:00:00+00:00,0.9072348585464447
2021-03-13 00:00:00+00:00,0.7947315979726773
2021-03-14 00:00:00+00:00,0.9275889640891423
2021-03-15 00:00:00+00:00,0.8222166568260391
2021-03-16 00:00:00+00:00,0.8909820475859679
2021-03-17 00:00:00+00:00,0.940440683640269
2021-03-18 00:00:00+00:00,0.9489672063406654
2021-03-19 00:00:00+00:00,0.9165562128165095
2021-03-20 00:00:00+00:00,0.9449998164643354
2021-03-21 00:00:00+00:00,0.9561055867559328
2021-03-22 00:00:00+00:00,0.9408333519232092
2021-03-23 00:00:00+00:00,0.9415746580775831
2021-03-24 00:00:00+00:00,0.9422838226634035
2021-03-25 00:00:00+00:00,0.9469396416355504
2021-03-26 00:00:00+00:00,0.9495338195222941
2021-03-27 00:00:00+00:00,0.8422425309540338
2021-03-28 00:00:00+00:00,0.7948280677741877
2021-03-29 00:00:00+00:00,0.8006275192436967
2021-03-30 00:00:00+00:00,0.8024157642443361
2021-03-31 00:00:00+00:00,0.9218423062413698
2021-04-01 00:00:00+00:00,0.9264130280333825
2021-04-02 00:00:00+00:00,0.9502102046339035
2021-04-03 00:00:00+00:00,0.943390028337731
2021-04-04 00:00:00+00:00,0.8816648141743075
2021-04-05 00:00:00+00:00,0.8381835254998614
2021-04-06 00:00:00+00:00,
2021-04-07 00:00:00+00:00,0.9212912629507599
2021-04-08 00:00:00+00:00,0.9451562057590519
2021-04-09 00:00:00+00:00,0.9435103434341585
2021-04-10 00:00:00+00:00,0.8920741152596243
2021-04-11 00:00:00+00:00,0.9536296005902356
2021-04-12 00:00:00+00:00,0.9608802328434709
2021-04-13 00:00:00+00:00,0.8912969525508394
2021-04-14 00:00:00+00:00,0.9483859774931344
2021-04-15 00:00:00+00:00,0.9441414907067797
2021-04-16 00:00:00+00:00,0.9624393140249197
2021-04-17 00:00:00+00:00,0.9516161573728614
2021-04-18 00:00:00+00:00,0.9612712946138741
2021-04-19 00:00:00+00:00,0.9665356968714899
2021-04-20 00:00:00+00:00,0.9534179889827936
2021-04-21 00:00:00+00:00,0.9583688393431624
2021-04-22 00:00:00+00:00,0.9626309342008607
2021-04-23 00:00:00+00:00,0.9360385596099058
2021-04-24 00:00:00+00:00,0.8673269385130062
2021-04-25 00:00:00+00:00,0.8245317409685898
2021-04-26 00:00:00+00:00,0.9458793608088601
2021-04-27 00:00:00+00:00,0.9399516315364741
2021-04-28 00:00:00+00:00,0.9445694958650718
2021-04-29 00:00:00+00:00,0.9512387335510899
2021-04-30 00:00:00+00:00,0.9500165621701292
2021-05-01 00:00:00+00:00,0.922402194853455
2021-05-02 00:00:00+00:00,0.9423557424817119
2021-05-03 00:00:00+00:00,0.9345089703230698
2021-05-04 00:00:00+00:00,0.940081313660216
2021-05-05 00:00:00+00:00,0.8792108998442525
2021-05-06 00:00:00+00:00,0.9118967241371234
2021-05-07 00:00:00+00:00,0.8383842959659856
2021-05-08 00:00:00+00:00,0.933538227747518
2021-05-09 00:00:00+00:00,0.9303574515691608
2021-05-10 00:00:00+00:00,0.9341091174715365
2021-05-11 00:00:00+00:00,0.7463269681182614
2021-05-12 00:00:00+00:00,0.7460726657356799
2021-05-13 00:00:00+00:00,0.9378762382070278
2021-05-14 00:00:00+00:00,0.7459717291238954
2021-05-15 00:00:00+00:00,
2021-05-16 00:00:00+00:00,0.7709872909867541
2021-05-17 00:00:00+00:00,0.8658455928481938
2021-05-18 00:00:00+00:00,0.8963997016591765
2021-05-19 00:00:00+00:00,0.8907217585892647
2021-05-20 00:00:00+00:00,0.7413823717732184
2021-05-21 00:00:00+00:00,
2021-05-22 00:00:00+00:00,0.7543715127787296
2021-05-23 00:00:00+00:00,0.7995777437571071
2021-05-24 00:00:00+00:00,0.839549307089372
2021-05-25 00:00:00+00:00,0.8073657515697062
2021-05-26 00:00:00+00:00,0.9264185666457891
2021-05-27 00:00:00+00:00,0.9465200051920618
2021-05-28 00:00:00+00:00,0.8040233977867054
2021-05-29 00:00:00+00:00,0.8001041611424209
2021-05-30 00:00:00+00:00,0.9386553403067757
2021-05-31 00:00:00+00:00,0.9341606100491648
2021-06-01 00:00:00+00:00,0.9495395942177303
2021-06-02 00:00:00+00:00,0.9656990528489342
2021-06-03 00:00:00+00:00,0.9609102940389144
2021-06-04 00:00:00+00:00,0.9563753031117628
2021-06-05 00:00:00+00:00,0.9158275089367488
2021-06-06 00:00:00+00:00,0.9611401573757415
2021-06-07 00:00:00+00:00,0.9521261316358028
2021-06-08 00:00:00+00:00,0.952638016213656
2021-06-09 00:00:00+00:00,0.9506096474999077
2021-06-10 00:00:00+00:00,0.9594896611678244
2021-06-11 00:00:00+00:00,0.9600958663192745
2021-06-12 00:00:00+00:00,0.9443456244435298
2021-06-13 00:00:00+00:00,0.9057122698965289
2021-06-14 00:00:00+00:00,0.9372866571924307
2021-06-15 00:00:00+00:00,
2021-06-16 00:00:00+00:00,0.9005650097498329
2021-06-17 00:00:00+00:00,0.9235345641094521
2021-06-18 00:00:00+00:00,0.8199639815175137
2021-06-19 00:00:00+00:00,0.9400673040638067
2021-06-20 00:00:00+00:00,0.6153643368582912
2021-06-21 00:00:00+00:00,0.7919815273570179
2021-06-22 00:00:00+00:00,0.9251106639578881
2021-06-23 00:00:00+00:00,0.9242169995755761
2021-06-24 00:00:00+00:00,0.8683212955477293
2021-06-25 00:00:00+00:00,0.9505776636305316
2021-06-26 00:00:00+00:00,0.9376737518731321
2021-06-27 00:00:00+00:00,0.8510018684159304
2021-06-28 00:00:00+00:00,0.9538164702419212
2021-06-29 00:00:00+00:00,0.947235736150315
2021-06-30 00:00:00+00:00,0.952469699825118
2021-07-01 00:00:00+00:00,0.9611422008356402
2021-07-02 00:00:00+00:00,0.9515217077523044
2021-07-03 00:00:00+00:00,0.9482816568059126
2021-07-04 00:00:00+00:00,0.9578414891390238
2021-07-05 00:00:00+00:00,0.97455161953765
2021-07-06 00:00:00+00:00,0.9715849513980533
2021-07-07 00:00:00+00:00,0.9667070764759835
2021-07-08 00:00:00+00:00,0.9157833149649229
2021-07-09 00:00:00+00:00,0.9487516891188003
2021-07-10 00:00:00+00:00,0.9687075475732632
2021-07-11 00:00:00+00:00,0.9430077073125519
2021-07-12 00:00:00+00:00,0.9023147986707302
2021-07-13 00:00:00+00:00,0.9595946920226303
2021-07-14 00:00:00+00:00,0.9666526129423505
2021-07-15 00:00:00+00:00,0.9785581130902755
2021-07-16 00:00:00+00:00,0.9676271658874169
2021-07-17 00:00:00+00:00,0.9476197502854128
2021-07-18 00:00:00+00:00,0.8315782510463725
2021-07-19 00:00:00+00:00,0.939883017460361
2021-07-20 00:00:00+00:00,0.9642220879902128
2021-07-21 00:00:00+00:00,0.8911759644240692
2021-07-22 00:00:00+00:00,0.9333147747032712
2021-07-23 00:00:00+00:00,0.9467192713743457
2021-07-24 00:00:00+00:00,0.9624915358435866
2021-07-25 00:00:00+00:00,0.9405232853994379
2021-07-26 00:00:00+00:00,0.9278616075043782
2021-07-27 00:00:00+00:00,0.9689594798107322
2021-07-28 00:00:00+00:00,0.9667373447281782
2021-07-29 00:00:00+00:00,0.8457025673549099
2021-07-30 00:00:00+00:00,0.8352339042781689
2021-07-31 00:00:00+00:00,0.8869603512984413
2021-08-01 00:00:00+00:00,0.8952897033597433
2021-08-02 00:00:00+00:00,0.9429739496824164
2021-08-03 00:00:00+00:00,0.9259115148808896
2021-08-04 00:00:00+00:00,0.8254716059526989
2021-08-05 00:00:00+00:00,0.9343676125438385
2021-08-06 00:00:00+00:00,0.9156808953580163
2021-08-07 00:00:00+00:00,0.9448775813039347
2021-08-08 00:00:00+00:00,0.9397639050190258
2021-08-09 00:00:00+00:00,0.8788047104308618
2021-08-10 00:00:00+00:00,0.8395108998344141
2021-08-11 00:00:00+00:00,0.9141275385319568
2021-08-12 00:00:00+00:00,0.8877534782956669
2021-08-13 00:00:00+00:00,0.9156442305812033
2021-08-14 00:00:00+00:00,0.9407368776659999
2021-08-15 00:00:00+00:00,
2021-08-16 00:00:00+00:00,0.8125927172820806
2021-08-17 00:00:00+00:00,0.8834621841709343
2021-08-18 00:00:00+00:00,0.8243922827188991
2021-08-19 00:00:00+00:00,0.8807344650669753
2021-08-20 00:00:00+00:00,0.8911783289747744
2021-08-21 00:00:00+00:00,0.8869188700911792
2021-08-22 00:00:00+00:00,0.9001695946797477
2021-08-23 00:00:00+00:00,0.8855108290314603
2021-08-24 00:00:00+00:00,0.8662794713750392
2021-08-25 00:00:00+00:00,0.9127522696513656
2021-08-26 00:00:00+00:00,0.9227200158085446
2021-08-27 00:00:00+00:00,0.9474092058915571
2021-08-28 00:00:00+00:00,0.945750632346706
2021-08-29 00:00:00+00:00,0.9410074873424196
2021-08-30 00:00:00+00:00,0.8827266978340704
2021-08-31 00:00:00+00:00,0.9392006791683821
2021-09-01 00:00:00+00:00,0.9372367497582906
2021-09-02 00:00:00+00:00,0.9125255511839013
2021-09-03 00:00:00+00:00,0.8008859674233473
2021-09-04 00:00:00+00:00,0.9479847357083607
2021-09-05 00:00:00+00:00,0.9317751622514145
2021-09-06 00:00:00+00:00,0.9365071084353439
2021-09-07 00:00:00+00:00,0.8900608454100855
2021-09-08 00:00:00+00:00,0.841976449688734
2021-09-09 00:00:00+00:00,0.9520494390837348
2021-09-10 00:00:00+00:00,0.9460490838248675
2021-09-11 00:00:00+00:00,0.9467335727276863
2021-09-12 00:00:00+00:00,0.9481297080671273
2021-09-13 00:00:00+00:00,
2021-09-14 00:00:00+00:00,
2021-09-15 00:00:00+00:00,0.8496661856714294
2021-09-16 00:00:00+00:00,0.8895571328653579
2021-09-17 00:00:00+00:00,0.828427792226782
2021-09-18 00:00:00+00:00,
2021-09-19 00:00:00+00:00,0.7763848856530027
2021-09-20 00:00:00+00:00,0.9254810142343752
2021-09-21 00:00:00+00:00,0.7527211332020284
2021-09-22 00:00:00+00:00,0.8699895240368687
2021-09-23 00:00:00+00:00,0.768717489575789
2021-09-24 00:00:00+00:00,
2021-09-25 00:00:00+00:00,0.9312603676645292
2021-09-26 00:00:00+00:00,0.9327703804875549
2021-09-27 00:00:00+00:00,0.9525899972142705
2021-09-28 00:00:00+00:00,0.9542484153120938
2021-09-29 00:00:00+00:00,0.7629355938722928
2021-09-30 00:00:00+00:00,
2021-10-01 00:00:00+00:00,0.8837149525731387
2021-10-02 00:00:00+00:00,
2021-10-03 00:00:00+00:00,0.8908448398785968
2021-10-04 00:00:00+00:00,0.8376780948724204
2021-10-05 00:00:00+00:00,0.8796152025647656
2021-10-06 00:00:00+00:00,
2021-10-07 00:00:00+00:00,
2021-10-08 00:00:00+00:00,0.8725761567534528
2021-10-09 00:00:00+00:00,
2021-10-10 00:00:00+00:00,0.7461496989886799
2021-10-11 00:00:00+00:00,0.9083405930061277
2021-10-12 00:00:00+00:00,
2021-10-13 00:00:00+00:00,0.9473895793572956
2021-10-14 00:00:00+00:00,
2021-10-15 00:00:00+00:00,
2021-10-16 00:00:00+00:00,
2021-10-17 00:00:00+00:00,
2021-10-18 00:00:00+00:00,0.8933293200176744
2021-10-19 00:00:00+00:00,0.9398088785722655
2021-10-20 00:00:00+00:00,0.8842112718584397
2021-10-21 00:00:00+00:00,
2021-10-22 00:00:00+00:00,0.8688943728663092
2021-10-23 00:00:00+00:00,
2021-10-24 00:00:00+00:00,
2021-10-25 00:00:00+00:00,
2021-10-26 00:00:00+00:00,
2021-10-27 00:00:00+00:00,
2021-10-28 00:00:00+00:00,
2021-10-29 00:00:00+00:00,
2021-10-30 00:00:00+00:00,
2021-10-31 00:00:00+00:00,
2021-11-01 00:00:00+00:00,
2021-11-02 00:00:00+00:00,
2021-11-03 00:00:00+00:00,
2021-11-04 00:00:00+00:00,
2021-11-05 00:00:00+00:00,
2021-11-06 00:00:00+00:00,
2021-11-07 00:00:00+00:00,0.9275045298220437
2021-11-08 00:00:00+00:00,0.8955082347172645
2021-11-09 00:00:00+00:00,
2021-11-10 00:00:00+00:00,0.8359406056053106
2021-11-11 00:00:00+00:00,0.8878109578525307
2021-11-12 00:00:00+00:00,
2021-11-13 00:00:00+00:00,0.825182983395121
2021-11-14 00:00:00+00:00,0.8386031649134789
2021-11-15 00:00:00+00:00,
2021-11-16 00:00:00+00:00,0.8268748219614804
2021-11-17 00:00:00+00:00,
2021-11-18 00:00:00+00:00,
2021-11-19 00:00:00+00:00,0.828197108466942
2021-11-20 00:00:00+00:00,
2021-11-21 00:00:00+00:00,0.7195730976483731
2021-11-22 00:00:00+00:00,0.7766691104820419
2021-11-23 00:00:00+00:00,
2021-11-24 00:00:00+00:00,0.7844366908168713
