time,huld
2016-01-01,1.0078715061997348
2016-01-02,1.0111856632789484
2016-01-03,1.013841535393879
2016-01-04,1.0235035130643164
2016-01-05,1.0168607986853182
2016-01-06,1.0108503155896167
2016-01-07,1.0102965239558623
2016-01-08,1.0099306331283013
2016-01-09,1.0096496882295793
2016-01-10,1.0187688733512672
2016-01-11,1.0081505953795578
2016-01-12,1.007700104542725
2016-01-13,1.0106058001711655
2016-01-14,1.0098979685673755
2016-01-15,1.0064894065790508
2016-01-16,0.9981896024338366
2016-01-17,0.9970040600768196
2016-01-18,0.989384829644894
2016-01-19,0.9953361260274903
2016-01-20,0.9949984669551541
2016-01-21,0.9948566161719585
2016-01-22,1.0107433138465063
2016-01-23,1.000633874082963
2016-01-24,1.0057719969606718
2016-01-25,1.0032762674101752
2016-01-26,1.0080431422617966
2016-01-27,1.00860743929144
2016-01-28,1.0088451955955509
2016-01-29,1.0286610934960085
2016-01-30,1.007947274631206
2016-01-31,1.0161581490522846
2016-02-01,1.01981765635437
2016-02-02,1.0053678314326902
2016-02-03,1.010277707745113
2016-02-04,1.0153484091169682
2016-02-05,1.0102967041602466
2016-02-06,1.0089809046097207
2016-02-07,1.005180370089839
2016-02-08,1.0066337903492377
2016-02-09,1.0076646026849194
2016-02-10,1.013600293177842
2016-02-11,1.005606760737819
2016-02-12,1.00571498359339
2016-02-13,1.0072297552982927
2016-02-14,1.0100383891180686
2016-02-15,1.0072224142412076
2016-02-16,1.0047013198613857
2016-02-17,0.995263629789666
2016-02-18,1.0012503880184604
2016-02-19,1.0001377483626233
2016-02-20,1.0011692928352298
2016-02-21,0.9816810083797352
2016-02-22,0.9813180544325854
2016-02-23,0.9974385049061737
2016-02-24,1.0071165701678442
2016-02-25,1.0022056815766143
2016-02-26,0.9979039485521031
2016-02-27,1.0037049836735026
2016-02-28,1.003595542709093
2016-02-29,1.0043793011083086
2016-03-01,0.99836451385945
2016-03-02,1.003620322045028
2016-03-03,1.0008160772419228
2016-03-04,1.0056017379425999
2016-03-05,1.009378605594626
2016-03-06,1.0074330887408174
2016-03-07,1.0054022704251153
2016-03-08,1.002030521604102
2016-03-09,1.0046916738251819
2016-03-10,1.0049954240995618
2016-03-11,0.9956520350445471
2016-03-12,1.001572162587844
2016-03-13,0.9936706738082007
2016-03-14,1.0000121708767538
2016-03-15,1.002687809647254
2016-03-16,0.9986516003876472
2016-03-17,1.0000792408470607
2016-03-18,1.001248059306954
2016-03-19,0.9951674067823294
2016-03-20,1.007188403574267
2016-03-21,1.0047982807475047
2016-03-22,1.00266414524421
2016-03-23,1.0017964661545296
2016-03-24,1.0056664866834182
2016-03-25,1.004473766564828
2016-03-26,1.0033967439128755
2016-03-27,0.9955506637809735
2016-03-28,1.0023668056990045
2016-03-29,0.9955745226184818
2016-03-30,0.9824170954932425
2016-03-31,0.9925449519159272
2016-04-01,0.9920334493941938
2016-04-02,0.9886702268843376
2016-04-03,0.9994985873731489
2016-04-04,1.000789273459618
2016-04-05,1.0007962605651888
2016-04-06,0.9996009745861786
2016-04-07,0.9973635088179056
2016-04-08,1.0000466237789563
2016-04-09,1.0141769505434717
2016-04-10,1.0053322493862156
2016-04-11,0.9967205412719337
2016-04-12,1.0106843581484246
2016-04-13,0.9949388410473842
2016-04-14,0.9937756605420549
2016-04-15,1.0171231073164193
2016-04-16,0.9963645080453386
2016-04-17,0.9969288340825678
2016-04-18,0.994946014308176
2016-04-19,0.9940200374456704
2016-04-20,0.9966671306146765
2016-04-21,0.9984772985911046
2016-04-22,1.0022154328776647
2016-04-23,0.99572267840541
2016-04-24,0.995272866113909
2016-04-25,0.9959988656626266
2016-04-26,0.9978535141463339
2016-04-27,0.9951289633464103
2016-04-28,0.9894214591548482
2016-04-29,0.9967829186623622
2016-04-30,0.9979247490354366
2016-05-01,1.0106831686397366
2016-05-02,0.994317718354433
2016-05-03,0.9931616937677883
2016-05-04,0.9932691643276916
2016-05-05,0.994975981317417
2016-05-06,0.9998441123379057
2016-05-07,0.9975890479937934
2016-05-08,0.9941659011960102
2016-05-09,1.0057286343190797
2016-05-10,0.9956837191503297
2016-05-11,0.994579416095842
2016-05-12,0.9942860325209064
2016-05-13,1.0044177258851663
2016-05-14,0.9963529406328219
2016-05-15,0.9895522126080761
2016-05-16,0.9946756495134003
2016-05-17,0.9951013006099624
2016-05-18,1.010691498812684
2016-05-19,1.0042653594998223
2016-05-20,1.004751269278355
2016-05-21,0.9985702092864912
2016-05-22,0.993976159794311
2016-05-23,0.9991547763929318
2016-05-24,0.9944207399339723
2016-05-25,0.9910664396001877
2016-05-26,0.9955900212662808
2016-05-27,0.9988343107829737
2016-05-28,1.0022884396519731
2016-05-29,1.0078506416312687
2016-05-30,0.9946175775959156
2016-05-31,0.9964758484519641
2016-06-01,0.9932340175441268
2016-06-02,0.9944216585253169
2016-06-03,0.9940378973865149
2016-06-04,0.9950204576457755
2016-06-05,0.995882535467246
2016-06-06,0.9986851627538773
2016-06-07,0.9999828459261686
2016-06-08,1.0200318440276739
2016-06-09,0.9989076372936919
2016-06-10,1.0119416044449234
2016-06-11,1.009358847333322
2016-06-12,0.9969218550498548
2016-06-13,0.99624130984298
2016-06-14,0.9896755271287287
2016-06-15,0.995988843700858
2016-06-16,1.0029551838313993
2016-06-17,1.0036418561155798
2016-06-18,1.0070792065526684
2016-06-19,0.9948164916233523
2016-06-20,1.0065956794401112
2016-06-21,1.0024243307097174
2016-06-22,1.0007428167172143
2016-06-23,0.9940885099490645
2016-06-24,0.9916406382324133
2016-06-25,0.9928916089934487
2016-06-26,0.995938587588112
2016-06-27,0.9990434759565989
2016-06-28,0.9976406308552636
2016-06-29,0.997414949646786
2016-06-30,0.9965087945372327
2016-07-01,1.0034042260138005
2016-07-02,0.9971940442872909
2016-07-03,1.0026326611662608
2016-07-04,0.9967299141891461
2016-07-05,0.9954716556572596
2016-07-06,0.9976647736783477
2016-07-07,0.9992118725482226
2016-07-08,0.9998049358838272
2016-07-09,0.9972668782994117
2016-07-10,0.9988885889469099
2016-07-11,0.995024932975104
2016-07-12,0.9966510845266641
2016-07-13,0.9986915774091156
2016-07-14,0.9986084139168496
2016-07-15,0.9995063088524385
2016-07-16,0.9976739351602155
2016-07-17,0.998548483434437
2016-07-18,0.99911001802462
2016-07-19,0.9986573035308648
2016-07-20,1.0089592452259408
2016-07-21,0.999463713590235
2016-07-22,1.0033931318889866
2016-07-23,0.9985926874136133
2016-07-24,0.9990917560832595
2016-07-25,1.0020034676568008
2016-07-26,1.0131243830494647
2016-07-27,0.9973572825808804
2016-07-28,0.9949883431140535
2016-07-29,1.0171629099448387
2016-07-30,1.0029653632485602
2016-07-31,0.9997103313185229
2016-08-01,1.0006684249251228
2016-08-02,0.9973762243503648
2016-08-03,0.9945340608564177
2016-08-04,0.9994092123218854
2016-08-05,0.9976314529417459
2016-08-06,1.0065094237311902
2016-08-07,1.0018278930576265
2016-08-08,0.9990391142057716
2016-08-09,0.994667945611021
2016-08-10,0.9973164117124791
2016-08-11,0.995179853203747
2016-08-12,0.9945185905624653
2016-08-13,0.9963573405200978
2016-08-14,0.9997597335675121
2016-08-15,1.0164661327116147
2016-08-16,0.9993212546099015
2016-08-17,0.9987189395270262
2016-08-18,0.9960678726274234
2016-08-19,0.9963931429814965
2016-08-20,1.0000405955961924
2016-08-21,0.9997279028903017
2016-08-22,1.002157670216933
2016-08-23,1.000670851605096
2016-08-24,1.0045747690082616
2016-08-25,0.995742905072587
2016-08-26,0.9961124149793442
2016-08-27,0.9988950381474032
2016-08-28,0.9965394215876182
2016-08-29,0.9975656448946184
2016-08-30,1.0127401221471828
2016-08-31,0.9965873658836147
2016-09-01,0.9963664559841519
2016-09-02,0.9970791133278812
2016-09-03,1.0034810187778362
2016-09-04,1.0009179799775023
2016-09-05,1.005388772325067
2016-09-06,0.9966136516147465
2016-09-07,0.9972140819986669
2016-09-08,1.0149480948104763
2016-09-09,0.9950093335198914
2016-09-10,1.0102808464705184
2016-09-11,1.0033786239730844
2016-09-12,1.0237294049774102
2016-09-13,1.0067857929922013
2016-09-14,1.0000399593870872
2016-09-15,1.0026920966980883
2016-09-16,1.0237506150738898
2016-09-17,1.0087751013691049
2016-09-18,1.0046397438640489
2016-09-19,0.9976985766874039
2016-09-20,1.0002787777238424
2016-09-21,0.9996506020485728
2016-09-22,0.998340305626028
2016-09-23,0.9972572965764145
2016-09-24,1.0080892894967681
2016-09-25,1.0155415239389465
2016-09-26,1.002870472269203
2016-09-27,1.0229433545596303
2016-09-28,1.0109752146690423
2016-09-29,1.0110666736193998
2016-09-30,1.0339346475814684
2016-10-01,1.0045169804608507
2016-10-02,1.016446162407222
2016-10-03,1.004756087190083
2016-10-04,0.9976236619988207
2016-10-05,1.0058158710297807
2016-10-06,1.0043344193512342
2016-10-07,1.0034451776406788
2016-10-08,1.0069658186283832
2016-10-09,1.001672109223571
2016-10-10,1.0088731443808694
2016-10-11,1.005110220891484
2016-10-12,1.0020995630634808
2016-10-13,1.009252469594041
2016-10-14,1.0272111537938098
2016-10-15,1.00895930820287
2016-10-16,1.0081974303273633
2016-10-17,1.0073444168740038
2016-10-18,1.0084405081387853
2016-10-19,1.0205365619726525
2016-10-20,1.011688562033427
2016-10-21,1.0124898241618197
2016-10-22,1.0086868844364358
2016-10-23,1.0122505065556562
2016-10-24,1.0099223459361613
2016-10-25,1.013263735883136
2016-10-26,1.0163276791370612
2016-10-27,1.0068678123210926
2016-10-28,1.0041345890713351
2016-10-29,1.0083623493801945
2016-10-30,1.0241381741777797
2016-10-31,1.028876576829978
2016-11-01,1.0151937635573918
2016-11-02,1.007388790192824
2016-11-03,1.00756146336746
2016-11-04,1.0238998262065693
2016-11-05,1.0229066019798234
2016-11-06,1.0249887542390037
2016-11-07,1.0162900009121512
2016-11-08,1.0093989514668513
2016-11-09,1.0120985071931168
2016-11-10,1.0185892614975067
2016-11-11,1.0265842542038
2016-11-12,1.0029687306157866
2016-11-13,1.0096443929221737
2016-11-14,1.011754126297282
2016-11-15,1.0048826056027225
2016-11-16,1.0098522558948653
2016-11-17,1.0078579945530939
2016-11-18,1.004622312701562
2016-11-19,1.0127872544395307
2016-11-20,1.007881687962054
2016-11-21,1.0128851852532061
2016-11-22,1.0113435300837101
2016-11-23,1.0138874698632365
2016-11-24,1.0131609898790428
2016-11-25,1.0137345403813498
2016-11-26,1.0123305116182106
2016-11-27,1.0067363772838562
2016-11-28,1.0202330318268038
2016-11-29,1.0095941654400982
2016-11-30,1.0074750197343896
2016-12-01,1.0119610829972796
2016-12-02,1.0074316403643753
2016-12-03,1.0103013780360262
2016-12-04,1.008523310200322
2016-12-05,1.0077579194629815
2016-12-06,1.0066828551860991
2016-12-07,1.0053748661814217
2016-12-08,1.005155331148027
2016-12-09,1.0048164116795466
2016-12-10,1.0059192772599839
2016-12-11,1.0078646458581884
2016-12-12,1.009214278672896
2016-12-13,1.010095247708914
2016-12-14,1.0308348249635337
2016-12-15,1.023839636070067
2016-12-16,1.0180899386778246
2016-12-17,1.0135883751111678
2016-12-18,1.007551609708687
2016-12-19,1.0064769336707209
2016-12-20,1.0194169661411348
2016-12-21,1.0231834832252873
2016-12-22,1.030525727274436
2016-12-23,1.0240523374033246
2016-12-24,1.0143055496938727
2016-12-25,1.0051195137107587
2016-12-26,1.0263807190878576
2016-12-27,1.0130883199106213
2016-12-28,1.003729001295295
2016-12-29,1.0216001290795538
2016-12-30,1.0154828981544133
2016-12-31,1.023444900165051
2017-01-01,1.0096951605690139
2017-01-02,1.0136838798007877
2017-01-03,1.0163438239155604
2017-01-04,1.0195838179185779
2017-01-05,1.0144845128181958
2017-01-06,1.0173308301862098
2017-01-07,1.0174424631111738
2017-01-08,1.0144178641815296
2017-01-09,1.0116361093871709
2017-01-10,1.0132897023923724
2017-01-11,1.0163565523308238
2017-01-12,1.0084462414477393
2017-01-13,1.0070252797374184
2017-01-14,1.0226990698235863
2017-01-15,1.0100176177958964
2017-01-16,1.0150853959067454
2017-01-17,1.0109082187803475
2017-01-18,1.0080584327199227
2017-01-19,1.0069336845342103
2017-01-20,1.0078105089352025
2017-01-21,1.0124421082678683
2017-01-22,1.0136172221394135
2017-01-23,1.0210151638595601
2017-01-24,1.0056464924426147
2017-01-25,1.0253370088391232
2017-01-26,1.0087224410965419
2017-01-27,1.0119789245439648
2017-01-28,1.010588865179456
2017-01-29,1.0073169896617962
2017-01-30,1.0114642854062323
2017-01-31,1.0067843428650787
2017-02-01,1.0068496934835007
2017-02-02,1.009779271560382
2017-02-03,1.0067062038271144
2017-02-04,1.0127766470992798
2017-02-05,1.0150252676447598
2017-02-06,1.005022636876386
2017-02-07,1.0115232219478691
2017-02-08,1.0089123734560308
2017-02-09,1.00703601930947
2017-02-10,1.0060039514061438
2017-02-11,1.013040367877568
2017-02-12,1.005556056613348
2017-02-13,1.014161364933271
2017-02-14,1.0073543621381065
2017-02-15,1.0051318962673783
2017-02-16,1.0072183910522932
2017-02-17,1.0076679063445941
2017-02-18,1.009495321641415
2017-02-19,1.0080608828335977
2017-02-20,1.0021433677483051
2017-02-21,1.0057577643779394
2017-02-22,1.0077967184042458
2017-02-23,1.001542688487491
2017-02-24,1.0055578832904293
2017-02-25,1.003540405527875
2017-02-26,1.0048966303269768
2017-02-27,1.0048376317846286
2017-02-28,1.0054722805461207
2017-03-01,1.0089661735281186
2017-03-02,1.0067945300409418
2017-03-03,1.0026856260517778
2017-03-04,1.0003334402698538
2017-03-05,0.9986549516824005
2017-03-06,1.0019238864538111
2017-03-07,0.9978015050198719
2017-03-08,0.9954269237067399
2017-03-09,0.9954945072372554
2017-03-10,0.999004974309559
2017-03-11,1.0004365880427595
2017-03-12,1.0024373072040251
2017-03-13,1.0044804299486039
2017-03-14,1.0018840364642385
2017-03-15,0.9946371064491079
2017-03-16,0.9988899511451277
2017-03-17,1.0084288961634118
2017-03-18,0.9962741675822212
2017-03-19,0.9978256809001527
2017-03-20,0.9983504295293676
2017-03-21,0.998546549414702
2017-03-22,0.9969231312484055
2017-03-23,1.001145306613146
2017-03-24,0.996477858595767
2017-03-25,0.9964681553720659
2017-03-26,1.0055681417079478
2017-03-27,0.9999160333207234
2017-03-28,0.999011462871063
2017-03-29,1.0033028526828207
2017-03-30,1.0012732421163666
2017-03-31,0.9976167076724436
2017-04-01,1.0046190156062433
2017-04-02,1.0155059554439665
2017-04-03,0.9943126421913382
2017-04-04,1.0033062957912258
2017-04-05,1.011109930171858
2017-04-06,1.014317122104657
2017-04-07,0.995151558811649
2017-04-08,0.9952770500287945
2017-04-09,0.9938446654737976
2017-04-10,0.9947475270347165
2017-04-11,0.9961351257561138
2017-04-12,1.0011688387959867
2017-04-13,0.9949015176551722
2017-04-14,0.994593688740233
2017-04-15,0.9939801177951715
2017-04-16,0.9938162738935561
2017-04-17,0.9964892708110223
2017-04-18,0.992196232114746
2017-04-19,1.0085790072191563
2017-04-20,0.9962937981994066
2017-04-21,0.9987551946808835
2017-04-22,1.0054545792034408
2017-04-23,0.9985185013128719
2017-04-24,0.9986866730775672
2017-04-25,0.9992826618718321
2017-04-26,0.9978423953635481
2017-04-27,0.9937826499264212
2017-04-28,1.0027387445118363
2017-04-29,0.9966096086429009
2017-04-30,1.0001665626839666
2017-05-01,1.0001886676599385
2017-05-02,0.995409831148234
2017-05-03,0.9932064280144295
2017-05-04,0.9953937233398008
2017-05-05,0.9981373724029469
2017-05-06,0.9956825770756169
2017-05-07,1.0138443151363798
2017-05-08,0.9927123825973312
2017-05-09,0.9984654816670709
2017-05-10,0.993264813492321
2017-05-11,0.9980938526906128
2017-05-12,0.9945230653251822
2017-05-13,0.9928088388993765
2017-05-14,0.9948101751386331
2017-05-15,0.9942163914460147
2017-05-16,0.9950801861060727
2017-05-17,0.9953143011478457
2017-05-18,0.999001365032945
2017-05-19,0.9945325117594692
2017-05-20,1.0164524882194657
2017-05-21,0.9994897990643347
2017-05-22,0.9935171881586109
2017-05-23,0.9921701909666495
2017-05-24,0.994195584876917
2017-05-25,0.994052559607849
2017-05-26,0.9938731588874831
2017-05-27,0.9905788179417804
2017-05-28,1.003658098500705
2017-05-29,0.9919635112332889
2017-05-30,0.9941610774733098
2017-05-31,0.9966867861096917
2017-06-01,0.9954318614670693
2017-06-02,1.002088160946483
2017-06-03,0.9966314623344775
2017-06-04,0.9916572320019782
2017-06-05,0.9963961476623393
2017-06-06,0.9972014337709187
2017-06-07,0.9954080728007632
2017-06-08,0.9973559493065802
2017-06-09,0.9966368707717455
2017-06-10,0.9956986956898146
2017-06-11,0.9964596211107397
2017-06-12,0.9971965635441264
2017-06-13,0.9959224434035422
2017-06-14,0.9956959208689968
2017-06-15,0.995221494904248
2017-06-16,0.9935792370080099
2017-06-17,0.993655547547938
2017-06-18,0.9954708596767156
2017-06-19,0.995095050421558
2017-06-20,0.9958740311702141
2017-06-21,0.9954207971940349
2017-06-22,0.9954206782355722
2017-06-23,0.9973903734191591
2017-06-24,1.0002632371668634
2017-06-25,1.0001559990338151
2017-06-26,0.995634509267612
2017-06-27,1.0101193660509011
2017-06-28,0.992955564552997
2017-06-29,1.008667061048299
2017-06-30,0.9921530356323094
2017-07-01,0.997194581213474
2017-07-02,0.9998017178355243
2017-07-03,1.0005908361677425
2017-07-04,1.0187913309885568
2017-07-05,0.9978330669131296
2017-07-06,0.9979144167813135
2017-07-07,0.9957588504436503
2017-07-08,0.9963451067460841
2017-07-09,0.995480555213211
2017-07-10,0.9976861228167011
2017-07-11,1.0035845119881286
2017-07-12,1.0101009529979899
2017-07-13,0.9961904278695294
2017-07-14,0.9941766079568627
2017-07-15,0.9979418887824821
2017-07-16,1.0120127393901515
2017-07-17,1.0021979577390074
2017-07-18,0.9991195346903777
2017-07-19,0.9962638366950016
2017-07-20,0.9962271556388167
2017-07-21,0.9970590650140227
2017-07-22,0.9971967606964839
2017-07-23,1.014226308866135
2017-07-24,0.9985200747178149
2017-07-25,0.9960816783195401
2017-07-26,0.9992764518885306
2017-07-27,0.9944940665537312
2017-07-28,0.9978139451938037
2017-07-29,0.9978573046124148
2017-07-30,0.9969253380713119
2017-07-31,0.9997382762257692
2017-08-01,1.0043050391129196
2017-08-02,0.9994535127375767
2017-08-03,0.9972016812525576
2017-08-04,0.9960007304328465
2017-08-05,1.0013145420227096
2017-08-06,0.9988084466914559
2017-08-07,1.01295228252223
2017-08-08,0.9972767263781983
2017-08-09,0.9991580155324947
2017-08-10,0.9918922425672646
2017-08-11,0.9948028178277771
2017-08-12,0.9980715233523878
2017-08-13,0.9963313303896866
2017-08-14,0.997249089013348
2017-08-15,0.9970230622064212
2017-08-16,1.0042827807991879
2017-08-17,0.9976309039989091
2017-08-18,0.9965312488382672
2017-08-19,0.9939707727688606
2017-08-20,0.9954923440759732
2017-08-21,1.0057573894929988
2017-08-22,0.9960873321554312
2017-08-23,0.9951335622074441
2017-08-24,1.040136217441344
2017-08-25,1.0010376003513968
2017-08-26,1.0122840439875187
2017-08-27,1.0007824562643366
2017-08-28,0.9984911177184731
2017-08-29,1.018527147339818
2017-08-30,0.9965067864327585
2017-08-31,0.9958542040115337
2017-09-01,0.9970396926255611
2017-09-02,0.998228067946143
2017-09-03,1.0012206929564023
2017-09-04,1.002339083359936
2017-09-05,1.0003669016729324
2017-09-06,1.002525260274294
2017-09-07,0.9998317792910331
2017-09-08,1.0040067737668863
2017-09-09,0.9990779607949793
2017-09-10,0.9965104002059962
2017-09-11,0.9972197344429946
2017-09-12,0.9997311261003722
2017-09-13,1.0025584474583737
2017-09-14,1.002243008068755
2017-09-15,1.0009411924129676
2017-09-16,1.0108005642031568
2017-09-17,1.0054719709955744
2017-09-18,1.002827280528884
2017-09-19,1.0132444693154123
2017-09-20,1.0223790328870874
2017-09-21,0.9965463249719604
2017-09-22,1.0002040570116877
2017-09-23,1.0006505447449354
2017-09-24,0.9965440542987022
2017-09-25,0.9971028599390084
2017-09-26,0.9998094268175625
2017-09-27,1.0032653475710356
2017-09-28,1.011005654108836
2017-09-29,1.005266861912235
2017-09-30,1.0096101723022604
2017-10-01,1.0059206251982433
2017-10-02,1.0002459769747432
2017-10-03,1.0057465823054286
2017-10-04,0.9981069831663787
2017-10-05,1.007053251690558
2017-10-06,1.00485371242612
2017-10-07,1.01299155708289
2017-10-08,1.0028699800642618
2017-10-09,1.0031583891109286
2017-10-10,1.0031880943028262
2017-10-11,1.0217790363036574
2017-10-12,1.0025130577934909
2017-10-13,0.9999384746568619
2017-10-14,1.0220317460791788
2017-10-15,1.023543663172998
2017-10-16,1.0162013635234666
2017-10-17,1.0046712276137357
2017-10-18,1.0031531538702048
2017-10-19,1.012439120775299
2017-10-20,1.0126162619473877
2017-10-21,1.0074588695884614
2017-10-22,1.0216923585691366
2017-10-23,1.0145036756885757
2017-10-24,1.0129359400580802
2017-10-25,1.0021482886606417
2017-10-26,1.0042406983578536
2017-10-27,1.0064460045691581
2017-10-28,1.0184092491283268
2017-10-29,1.0067271666234598
2017-10-30,1.004339775197409
2017-10-31,1.0070805359926924
2017-11-01,1.0182086080916957
2017-11-02,1.0205965015696619
2017-11-03,1.0026002123179982
2017-11-04,1.0095344328780802
2017-11-05,1.013620762402741
2017-11-06,1.005246933388606
2017-11-07,1.0138638459761387
2017-11-08,1.0029773940430582
2017-11-09,1.005853650751797
2017-11-10,1.0217399372793836
2017-11-11,1.0056862748887654
2017-11-12,1.016390236857014
2017-11-13,1.0097028348817276
2017-11-14,1.0127281171376934
2017-11-15,1.0062537548948822
2017-11-16,1.0136096050662038
2017-11-17,1.019543419433255
2017-11-18,1.015375548046716
2017-11-19,1.0158251792838868
2017-11-20,1.0115148052973666
2017-11-21,1.0230223582972526
2017-11-22,1.0277500862078455
2017-11-23,1.020935327949193
2017-11-24,1.0250132376559706
2017-11-25,1.0195280020420059
2017-11-26,1.014360425771514
2017-11-27,1.0092240539113637
2017-11-28,1.0166037343917085
2017-11-29,1.0088580314239048
2017-11-30,1.0221026589289026
2017-12-01,1.0208295207337865
2017-12-02,1.0081944846693067
2017-12-03,1.0079001108527166
2017-12-04,1.0053212895534296
2017-12-05,1.00572716770426
2017-12-06,1.0128525182377492
2017-12-07,1.009931149312055
2017-12-08,1.0103544427586104
2017-12-09,1.0145803617190772
2017-12-10,1.013831848885956
2017-12-11,1.0285234750732273
2017-12-12,1.0098093601574616
2017-12-13,1.0060861532438137
2017-12-14,1.0075200428127329
2017-12-15,1.0087405858682394
2017-12-16,1.025506185737057
2017-12-17,1.0301564112908976
2017-12-18,1.0265064245613909
2017-12-19,1.0143665104971658
2017-12-20,1.0206990057635883
2017-12-21,1.0258359406209294
2017-12-22,1.01584312341012
2017-12-23,1.0263594042572808
2017-12-24,1.007557913017836
2017-12-25,1.008207294867169
2017-12-26,1.0128505857833214
2017-12-27,1.00399535410272
2017-12-28,1.0021393986051115
2017-12-29,1.000526922374574
2017-12-30,0.9800474607868341
2017-12-31,1.0044234057864825
2018-01-01,1.007471821044669
2018-01-02,1.030504311213443
2018-01-03,1.0194640671009663
2018-01-04,1.011264398620055
2018-01-05,1.0176960047360708
2018-01-06,1.0106137813526421
2018-01-07,1.0095238506870294
2018-01-08,1.0235694755534397
2018-01-09,1.0265391962545796
2018-01-10,1.007057901690621
2018-01-11,1.0279244107127545
2018-01-12,1.0088141247579852
2018-01-13,1.0088907784697694
2018-01-14,1.0154147044754913
2018-01-15,1.0124197872491405
2018-01-16,1.0040080142412326
2018-01-17,1.000156166986738
2018-01-18,0.9998432688399165
2018-01-19,1.0024408830487124
2018-01-20,1.0007072606931886
2018-01-21,0.9996547068142178
2018-01-22,1.000696648566743
2018-01-23,1.0070382169222245
2018-01-24,1.0105801965874417
2018-01-25,1.0125242180033598
2018-01-26,1.011757026679576
2018-01-27,1.0161190791166685
2018-01-28,1.0117198791361757
2018-01-29,1.00903496448878
2018-01-30,1.01172025286562
2018-01-31,1.0093253404922395
2018-02-01,0.9960044609310629
2018-02-02,1.0045301280954415
2018-02-03,0.9999725474002634
2018-02-04,1.0023347025438132
2018-02-05,0.9904450843447254
2018-02-06,0.9974539507146538
2018-02-07,1.00671128729218
2018-02-08,1.005138782904091
2018-02-09,1.0044480842626728
2018-02-10,1.0001866430360888
2018-02-11,1.0077965303807568
2018-02-12,1.0068043402270737
2018-02-13,1.0049547840413842
2018-02-14,1.0046323106172432
2018-02-15,1.007995331348039
2018-02-16,0.9999586584337641
2018-02-17,0.9892032000750518
2018-02-18,1.0090099475308005
2018-02-19,1.0106243224167923
2018-02-20,1.0056407297988486
2018-02-21,1.0032152544080613
2018-02-22,1.0072703708881467
2018-02-23,1.008498441212848
2018-02-24,1.0125402375275443
2018-02-25,1.0121007287952686
2018-02-26,1.0031871183377117
2018-02-27,1.0119302069459064
2018-02-28,1.0146375787320479
2018-03-01,1.0037115012103277
2018-03-02,1.004253932104326
2018-03-03,1.000498718799058
2018-03-04,1.000881948752853
2018-03-05,1.001856687972702
2018-03-06,0.9981779771984218
2018-03-07,0.9976228053950418
2018-03-08,1.003652081961659
2018-03-09,1.0121144638993402
2018-03-10,1.0148418254523386
2018-03-11,1.0040468886055924
2018-03-12,1.004041982453612
2018-03-13,1.0022180752127718
2018-03-14,1.0077650418948638
2018-03-15,1.0023829567993174
2018-03-16,1.0030445790704199
2018-03-17,1.0000657640605595
2018-03-18,1.0026791018135879
2018-03-19,1.0110498425259304
2018-03-20,0.9998831401482223
2018-03-21,0.9898364949226826
2018-03-22,1.0002691863449846
2018-03-23,0.998390077369452
2018-03-24,0.9932344280734928
2018-03-25,0.9970388144595528
2018-03-26,0.9962964245613921
2018-03-27,1.0055333026154245
2018-03-28,1.0193896751449398
2018-03-29,1.0048796987233213
2018-03-30,0.9989327307043749
2018-03-31,0.9969839298057708
2018-04-01,1.0083677423363568
2018-04-02,1.0046423059245573
2018-04-03,1.0130508469469635
2018-04-04,0.9939067333157262
2018-04-05,0.9949024593247726
2018-04-06,0.9947395696393798
2018-04-07,0.994555438880112
2018-04-08,0.9944295031846971
2018-04-09,1.0005252804610403
2018-04-10,1.002481044475676
2018-04-11,0.9951003794865
2018-04-12,0.9936394667966336
2018-04-13,0.995493673383913
2018-04-14,0.9976477787222467
2018-04-15,1.0034120380161562
2018-04-16,1.0087745495948808
2018-04-17,1.0004848973947478
2018-04-18,0.9949911665738677
2018-04-19,0.9953496846920028
2018-04-20,0.9954117490354739
2018-04-21,0.9950926132832446
2018-04-22,0.9948998133719388
2018-04-23,1.0003714263109726
2018-04-24,1.0055752934156494
2018-04-25,1.0022394495135196
2018-04-26,0.9957360074500207
2018-04-27,0.9951752548048215
2018-04-28,0.9962229940893802
2018-04-29,1.0128737730639517
2018-04-30,1.0071257899289963
2018-05-01,1.0247997511790368
2018-05-02,0.9975724335874281
2018-05-03,1.008758682452025
2018-05-04,0.9941584596788781
2018-05-05,0.9955582903112077
2018-05-06,0.9917674981238274
2018-05-07,1.0073690869862877
2018-05-08,0.9931758524601056
2018-05-09,0.9977780750148126
2018-05-10,0.9954336307537052
2018-05-11,0.9943535255880852
2018-05-12,0.9949139838632439
2018-05-13,1.00073817339619
2018-05-14,0.9897778619067312
2018-05-15,0.9953512832572903
2018-05-16,0.9952617759161495
2018-05-17,0.9938951626552448
2018-05-18,0.9919776087453325
2018-05-19,0.9942120194947605
2018-05-20,0.9909508309380429
2018-05-21,0.9964252260280958
2018-05-22,0.9944190580020713
2018-05-23,0.9940157126572712
2018-05-24,0.9950352536216304
2018-05-25,0.9915750249205395
2018-05-26,0.994870700469112
2018-05-27,0.993031311951015
2018-05-28,0.995841492071052
2018-05-29,0.9919489122036763
2018-05-30,1.0126892962672682
2018-05-31,0.9957703303722858
2018-06-01,1.0188101916467815
2018-06-02,0.9971166407299218
2018-06-03,0.9960614639492158
2018-06-04,0.9921445888250258
2018-06-05,0.9952457949988308
2018-06-06,0.9951817803542382
2018-06-07,0.9946527468220219
2018-06-08,0.9945945354986623
2018-06-09,1.0020229099656768
2018-06-10,0.9976869129333996
2018-06-11,1.0085677075702424
2018-06-12,0.9961969303160763
2018-06-13,0.9986607694655542
2018-06-14,0.9999658065958108
2018-06-15,0.9960853257297465
2018-06-16,0.9940226179393208
2018-06-17,0.995078666501263
2018-06-18,0.9954018623970423
2018-06-19,0.9954718682307745
2018-06-20,0.9963762665241893
2018-06-21,1.0054476473591187
2018-06-22,0.9962114213036842
2018-06-23,0.9992190608179495
2018-06-24,0.998853231490723
2018-06-25,0.9953204230042875
2018-06-26,0.9961483334267064
2018-06-27,0.9980807110013882
2018-06-28,1.0449376395964765
2018-06-29,0.9979941165093574
2018-06-30,1.0002308974272975
2018-07-01,1.0227558751196828
2018-07-02,0.9985308382391993
2018-07-03,0.9937957852687503
2018-07-04,1.0002626075951955
2018-07-05,0.9967929076310946
2018-07-06,1.003497763893249
2018-07-07,1.0022765843745827
2018-07-08,0.9978199735208575
2018-07-09,0.9961261220330343
2018-07-10,0.9930983391495163
2018-07-11,0.9963978476166316
2018-07-12,1.0020135828402803
2018-07-13,1.0051057779143415
2018-07-14,1.0051628003891375
2018-07-15,0.9970170518463747
2018-07-16,0.9964379775284398
2018-07-17,0.9990960886936134
2018-07-18,1.0049371946583396
2018-07-19,0.9976969925802404
2018-07-20,1.0025205269073347
2018-07-21,0.9986076856115239
2018-07-22,0.9969385614840757
2018-07-23,0.9957860418094165
2018-07-24,0.9934933956920851
2018-07-25,1.006292958562113
2018-07-26,1.0001103452017903
2018-07-27,1.012279770492499
2018-07-28,0.9950706903784617
2018-07-29,0.9951376265319031
2018-07-30,0.9969192282496864
2018-07-31,0.99872536756233
2018-08-01,0.9988774078283885
2018-08-02,0.9977261213684727
2018-08-03,0.9972730254227995
2018-08-04,0.9963960855064025
2018-08-05,0.9985859499866143
2018-08-06,0.9972689585820776
2018-08-07,1.0008017966556177
2018-08-08,0.9986017363210978
2018-08-09,0.9992726846935026
2018-08-10,1.0297319757030607
2018-08-11,0.9977841470360214
2018-08-12,1.004897242742706
2018-08-13,1.0294923639112998
2018-08-14,0.9938195835087517
2018-08-15,0.9976288203717558
2018-08-16,0.994676753214465
2018-08-17,0.9956453414433152
2018-08-18,1.0076342688637934
2018-08-19,1.011827173450785
2018-08-20,0.9981497122016492
2018-08-21,1.0055806366129312
2018-08-22,1.001759933800254
2018-08-23,0.9998176908574148
2018-08-24,1.019403780435646
2018-08-25,1.0114573038266708
2018-08-26,1.035006845746731
2018-08-27,0.9972508642814725
2018-08-28,1.0011001137624127
2018-08-29,1.0037007319725741
2018-08-30,1.0329127269262026
2018-08-31,0.9946513928881321
2018-09-01,0.9938430600114605
2018-09-02,0.9985470295668879
2018-09-03,1.0108947953353902
2018-09-04,0.998802581206477
2018-09-05,0.9972828917881468
2018-09-06,0.9967145694828768
2018-09-07,0.9978741928481313
2018-09-08,0.9974918937595645
2018-09-09,0.9969337544224695
2018-09-10,1.0017968180237797
2018-09-11,0.9972386000857341
2018-09-12,1.0025677452790083
2018-09-13,0.9974027140741972
2018-09-14,1.0007679639955611
2018-09-15,1.0115682063654403
2018-09-16,1.001173847296971
2018-09-17,1.0073078055456939
2018-09-18,1.0045832888141504
2018-09-19,0.9965761737777799
2018-09-20,1.0045494484269588
2018-09-21,1.0005098527375025
2018-09-22,0.9970659557236431
2018-09-23,1.0073108403576938
2018-09-24,0.9976182010923482
2018-09-25,0.9971583327786424
2018-09-26,0.9970186259182988
2018-09-27,0.9962668878961697
2018-09-28,0.9959924153024412
2018-09-29,0.9972540391077924
2018-09-30,0.9969249216544822
2018-10-01,0.9987192608854375
2018-10-02,1.0051854250431431
2018-10-03,1.025867497675692
2018-10-04,1.0260229133509904
2018-10-05,1.0041513764313643
2018-10-06,1.0070522180699888
2018-10-07,1.0027918895202048
2018-10-08,0.9978819230117356
2018-10-09,1.0043391824443506
2018-10-10,1.002626906031457
2018-10-11,1.00496849922655
2018-10-12,1.001026763065332
2018-10-13,1.0033340178825105
2018-10-14,1.004708440004324
2018-10-15,1.0142710446954084
2018-10-16,1.0098581685250212
2018-10-17,1.0119763913886108
2018-10-18,1.0031548548890743
2018-10-19,1.0042601286053017
2018-10-20,1.01402782537263
2018-10-21,1.0150837041975993
2018-10-22,1.0162526985325173
2018-10-23,1.0137638004650416
2018-10-24,0.9994676694920884
2018-10-25,1.010088125451104
2018-10-26,1.0215072151328235
2018-10-27,1.0111709319124191
2018-10-28,1.0247956664327968
2018-10-29,1.0245370149797173
2018-10-30,1.0023938250278384
2018-10-31,1.0000955147707202
2018-11-01,1.0016538478045112
2018-11-02,1.0166988798092105
2018-11-03,1.023014787062427
2018-11-04,1.0391560068906613
2018-11-05,1.0525358395809734
2018-11-06,1.0139411846921202
2018-11-07,1.0114405666100195
2018-11-08,1.0028109508058693
2018-11-09,1.0070978593950657
2018-11-10,1.0231839578387942
2018-11-11,1.0271221551850696
2018-11-12,1.0073372974008559
2018-11-13,1.0229630102577663
2018-11-14,1.009414715262847
2018-11-15,1.0349540302092977
2018-11-16,1.0392071441967947
2018-11-17,1.0086720596691146
2018-11-18,1.01612627352041
2018-11-19,1.0137677727038323
2018-11-20,1.0085701570859509
2018-11-21,1.007563739326085
2018-11-22,1.004986804529527
2018-11-23,1.0178506943615122
2018-11-24,1.0175398292041533
2018-11-25,1.0196483180855132
2018-11-26,1.0164529565413187
2018-11-27,1.009872708069125
2018-11-28,1.0280663893973334
2018-11-29,1.0333915383214238
2018-11-30,1.0166315111752657
2018-12-01,1.0292195489746654
2018-12-02,1.0150241007577128
2018-12-03,1.0044384872189218
2018-12-04,1.015802902383675
2018-12-05,1.0332258554207938
2018-12-06,1.0073631373347889
2018-12-07,1.0157641697811601
2018-12-08,1.0076922088660418
2018-12-09,1.0107389689526471
2018-12-10,1.0148414587782184
2018-12-11,1.0100969072348207
2018-12-12,1.0147285303835722
2018-12-13,1.0145008990133662
2018-12-14,1.045622603182055
2018-12-15,1.0245170471845924
2018-12-16,1.0295034663658917
2018-12-17,1.020319915523828
2018-12-18,1.0155769440564726
2018-12-19,1.0220167491951948
2018-12-20,1.014518794139587
2018-12-21,1.0411711427009713
2018-12-22,1.009430040712962
2018-12-23,1.028544751692478
2018-12-24,1.020979559005138
2018-12-25,1.010112346587029
2018-12-26,1.0215415561631174
2018-12-27,1.0194600694517755
2018-12-28,1.0111565406543688
2018-12-29,1.01492536992019
2018-12-30,1.008613488422134
2018-12-31,1.0155547660405337
2019-01-01,1.0252703279174324
2019-01-02,1.0238115007577555
2019-01-03,1.0108801279475441
2019-01-04,1.01069078394882
2019-01-05,1.0096931529153146
2019-01-06,1.007014956822921
2019-01-07,1.0176100702711854
2019-01-08,1.016750541032249
2019-01-09,1.008412764984379
2019-01-10,1.0089464091707272
2019-01-11,1.0077164255983915
2019-01-12,1.0115278045357694
2019-01-13,1.0051564730925027
2019-01-14,1.0056289783301777
2019-01-15,1.0083057119804453
2019-01-16,1.006298756447052
2019-01-17,0.9960135846863799
2019-01-18,0.9976342646422633
2019-01-19,1.0039529684374533
2019-01-20,1.0148906672942808
2019-01-21,1.01126493436679
2019-01-22,1.019848071714399
2019-01-23,1.0123294444463067
2019-01-24,1.0166281133901218
2019-01-25,1.008363206012556
2019-01-26,1.0169486354876733
2019-01-27,1.0089887059378142
2019-01-28,1.014302895651889
2019-01-29,1.0332428249771728
2019-01-30,1.0236012022386096
2019-01-31,1.016105515041505
2019-02-01,1.0114835922006056
2019-02-02,1.004101961001762
2019-02-03,1.0227692760953928
2019-02-04,1.0260588867795224
2019-02-05,1.0132580979504233
2019-02-06,1.0083616535876994
2019-02-07,1.0109316344173525
2019-02-08,1.0080899446220908
2019-02-09,1.0050702389472466
2019-02-10,1.0047183276932845
2019-02-11,1.007921380317917
2019-02-12,1.011619123522997
2019-02-13,1.0039370880865366
2019-02-14,1.0033867869164041
2019-02-15,0.9960152359016191
2019-02-16,1.007376232851842
2019-02-17,1.0052686534129096
2019-02-18,1.0048854930475708
2019-02-19,1.0173263369793442
2019-02-20,1.0172338588704173
2019-02-21,1.0098627477917936
2019-02-22,1.0088786013983848
2019-02-23,1.0086803830912348
2019-02-24,1.0042271975264674
2019-02-25,1.004519353711577
2019-02-26,1.008349806739762
2019-02-27,1.0041459737211034
2019-02-28,0.9980516213572899
2019-03-01,1.0128417455350889
2019-03-02,1.0045068659317538
2019-03-03,1.0045838844544501
2019-03-04,1.0071002399130655
2019-03-05,1.002823561283092
2019-03-06,1.0008346603206177
2019-03-07,1.0086355766391013
2019-03-08,1.008089466011386
2019-03-09,1.0041130024078875
2019-03-10,1.0084470895184425
2019-03-11,1.0053132092763737
2019-03-12,1.0061492477195795
2019-03-13,1.0002145270538518
2019-03-14,1.001241618128943
2019-03-15,1.0001620439413201
2019-03-16,1.00260198862631
2019-03-17,1.0007456654260478
2019-03-18,1.0008618431818912
2019-03-19,1.0005402449288183
2019-03-20,1.0013805764295571
2019-03-21,1.0027376772681154
2019-03-22,1.0008144265511336
2019-03-23,1.0001116216466666
2019-03-24,1.005112988434785
2019-03-25,0.9979257280740804
2019-03-26,1.0113625026731148
2019-03-27,1.0005001386650023
2019-03-28,0.9973496455480617
2019-03-29,0.9977323860799044
2019-03-30,1.0068865175862856
2019-03-31,0.9974847265970246
2019-04-01,0.9952296804455381
2019-04-02,0.9990310992623296
2019-04-03,0.9989117630513397
2019-04-04,0.9956422350927038
2019-04-05,0.9938229215092177
2019-04-06,0.9917848837360642
2019-04-07,0.99505997799356
2019-04-08,0.9940669897545991
2019-04-09,0.9975788185354739
2019-04-10,0.9971682536062692
2019-04-11,0.9970492101398002
2019-04-12,0.9971908641128345
2019-04-13,0.9983782816969188
2019-04-14,1.0050142956237675
2019-04-15,0.9969793945113696
2019-04-16,1.0016641212407054
2019-04-17,0.9941113694198618
2019-04-18,0.9942920962211783
2019-04-19,0.9943450684212837
2019-04-20,0.9962645749720761
2019-04-21,1.0127595029976717
2019-04-22,1.0037186393236062
2019-04-23,1.0027398514630437
2019-04-24,0.994428727972677
2019-04-25,0.9959097069627082
2019-04-26,0.9957587746375131
2019-04-27,0.9967694307702486
2019-04-28,0.9964305504904489
2019-04-29,0.9945073103538986
2019-04-30,0.9949849623369003
2019-05-01,0.9935527184481333
2019-05-02,1.0005975279198893
2019-05-03,0.9931648266895334
2019-05-04,0.9927181793008186
2019-05-05,0.9952371809505797
2019-05-06,0.996701475517335
2019-05-07,0.9973580256761265
2019-05-08,1.0021458987714256
2019-05-09,1.0053572758510596
2019-05-10,0.9991060663915937
2019-05-11,1.0065164224243448
2019-05-12,1.0218772514971566
2019-05-13,1.0133598959002763
2019-05-14,0.9975943502006223
2019-05-15,0.9940106791482693
2019-05-16,0.9922345601244256
2019-05-17,0.9942882887426501
2019-05-18,1.0001081719172424
2019-05-19,0.9960923713404998
2019-05-20,0.9991516779101436
2019-05-21,0.9961937559510382
2019-05-22,0.9994607168063495
2019-05-23,0.9925372926769657
2019-05-24,0.9935904294405941
2019-05-25,0.9974409027680395
2019-05-26,0.9946723765833029
2019-05-27,1.0023324550656556
2019-05-28,1.0009183850990475
2019-05-29,1.0159660350682593
2019-05-30,0.9967102264136919
2019-05-31,0.9985475583832943
2019-06-01,1.0150733016681315
2019-06-02,1.011440196513057
2019-06-03,1.0044038917774591
2019-06-04,0.9978950407617538
2019-06-05,0.9994778538982526
2019-06-06,0.998714082525741
2019-06-07,0.9939453581226242
2019-06-08,0.9980896138221879
2019-06-09,0.993544132373677
2019-06-10,1.0110427307019898
2019-06-11,1.0168942253517153
2019-06-12,0.9998554853427247
2019-06-13,0.9994661224119241
2019-06-14,0.9991214326923393
2019-06-15,0.9960739504311632
2019-06-16,0.9950594249006692
2019-06-17,0.9966605087458807
2019-06-18,0.9977042634607244
2019-06-19,0.991767123411112
2019-06-20,1.0285619542590763
2019-06-21,1.0116537626650937
2019-06-22,0.9972818682580724
2019-06-23,1.0063747597939459
2019-06-24,0.9914083968630371
2019-06-25,0.9954590350622189
2019-06-26,0.9948416881931123
2019-06-27,1.009293769585638
2019-06-28,0.9978376644931579
2019-06-29,0.9982573109614078
2019-06-30,1.0094941626729264
2019-07-01,1.005854137873888
2019-07-02,0.9944504582760881
2019-07-03,1.012191885798281
2019-07-04,1.0027543900370712
2019-07-05,0.9962883454143018
2019-07-06,0.9968951842880419
2019-07-07,0.9971766545082844
2019-07-08,0.9957932903704705
2019-07-09,1.0011365567938582
2019-07-10,1.0059135774723813
2019-07-11,0.9934408318102913
2019-07-12,0.9953178703502802
2019-07-13,0.9936104395370646
2019-07-14,0.9952613280210546
2019-07-15,0.9976780893420422
2019-07-16,0.9995531272204707
2019-07-17,1.0059699432845646
2019-07-18,1.1395174336008789
2019-07-19,0.9986992683583928
2019-07-20,0.9997448051374653
2019-07-21,0.9976363140694552
2019-07-22,0.9958328582025194
2019-07-23,0.9981592660851215
2019-07-24,0.9985188733254021
2019-07-25,0.9990384432472377
2019-07-26,0.9964295328738898
2019-07-27,1.000378820371779
2019-07-28,0.9972912968705424
2019-07-29,0.9975930229584101
2019-07-30,1.006986806288362
2019-07-31,0.9955051869147024
2019-08-01,0.9979565835482762
2019-08-02,1.0023433275944844
2019-08-03,1.033170246759955
2019-08-04,1.0005732443557736
2019-08-05,0.9952897849659904
2019-08-06,1.0017428053814637
2019-08-07,0.995945115144676
2019-08-08,1.0023688185375195
2019-08-09,0.9934956921143004
2019-08-10,0.999910083205309
2019-08-11,0.9959095112309083
2019-08-12,0.9970738314529466
2019-08-13,0.9994304681493493
2019-08-14,1.0019553079155126
2019-08-15,1.0020888586085408
2019-08-16,1.0008986992903373
2019-08-17,1.0000779865339828
2019-08-18,1.0009344510312232
2019-08-19,1.0117676566555893
2019-08-20,0.9965312270386151
2019-08-21,0.9985611101989207
2019-08-22,
2019-08-23,0.9995637850437188
2019-08-24,1.0017377141888595
2019-08-25,0.9982136586249427
2019-08-26,1.0033026328752022
2019-08-27,0.9978847189169543
2019-08-28,0.9993231666738058
2019-08-29,0.9989285037197116
2019-08-30,0.9993156353445334
2019-08-31,0.9981529308347749
2019-09-01,0.9983108601480577
2019-09-02,0.999372182281054
2019-09-03,0.9977875522684325
2019-09-04,1.0168098336200424
2019-09-05,1.0096975326475262
2019-09-06,1.0029622446513227
2019-09-07,0.9999439600648218
2019-09-08,0.9976588968852377
2019-09-09,0.9955989828091847
2019-09-10,1.0083956674945513
2019-09-11,1.0010403444925278
2019-09-12,1.0064888348974101
2019-09-13,1.0096057256193822
2019-09-14,1.0030956639315405
2019-09-15,1.011492624182472
2019-09-16,1.0107856092902372
2019-09-17,1.0026981884185133
2019-09-18,1.0083767078978056
2019-09-19,1.0102895299519437
2019-09-20,1.0063713463207162
2019-09-21,1.0031902396975039
2019-09-22,1.0065617912919997
2019-09-23,0.9995657439750903
2019-09-24,1.0010081673504878
2019-09-25,1.0001956510903056
2019-09-26,1.0032241205848953
2019-09-27,1.0315462036399918
2019-09-28,0.9998559787813701
2019-09-29,1.009525244263776
2019-09-30,1.0034916851966607
2019-10-01,1.0016498392632163
2019-10-02,0.9987558646579829
2019-10-03,0.996813663662777
2019-10-04,1.0064928389311436
2019-10-05,1.000017228601234
2019-10-06,0.9963843866503383
2019-10-07,1.0118719722834997
2019-10-08,1.0100412766032254
2019-10-09,1.0050510280725244
2019-10-10,1.0000619618429243
2019-10-11,1.0001401865737491
2019-10-12,1.0040320557314726
2019-10-13,1.0045669202262093
2019-10-14,1.0233636931824879
2019-10-15,1.0076949255649597
2019-10-16,1.008581286407852
2019-10-17,1.0004739269188077
2019-10-18,1.0119851664113644
2019-10-19,1.0123430945206766
2019-10-20,1.007845834883758
2019-10-21,1.004185356514021
2019-10-22,1.0070579188252904
2019-10-23,1.0257049668127822
2019-10-24,1.0110568888639515
2019-10-25,1.0047490835268007
2019-10-26,1.016493353707351
2019-10-27,1.0274796118412948
2019-10-28,1.005528477539125
2019-10-29,1.0032372827662988
2019-10-30,1.002794482874548
2019-10-31,1.0015283417234386
2019-11-01,1.0054015632028688
2019-11-02,1.0115260262359753
2019-11-03,1.0047291150200923
2019-11-04,1.0151582230264995
2019-11-05,1.006414590336493
2019-11-06,1.007787555588286
2019-11-07,1.0064573593942054
2019-11-08,1.0107710613802912
2019-11-09,1.0108918430690053
2019-11-10,1.0117759072364454
2019-11-11,1.007743541387748
2019-11-12,1.021554446942334
2019-11-13,1.0058283774212033
2019-11-14,1.0121133527360013
2019-11-15,1.0305908615218866
2019-11-16,1.029529878447267
2019-11-17,1.0159563807338992
2019-11-18,1.00548010628515
2019-11-19,1.00938030407838
2019-11-20,1.0180501856747484
2019-11-21,1.0128790112140433
2019-11-22,1.0061904230772962
2019-11-23,1.017727541357058
2019-11-24,1.0190249365242474
2019-11-25,1.017280432294089
2019-11-26,1.0119860872039246
2019-11-27,1.0085041959302512
2019-11-28,1.001582312775751
2019-11-29,1.003836118576698
2019-11-30,1.0067411442805558
2019-12-01,1.0056743289847772
2019-12-02,1.012684475164233
2019-12-03,1.0029759706376
2019-12-04,1.009773597770618
2019-12-05,1.0133778488619152
2019-12-06,1.009085596019474
2019-12-07,1.0111581720790848
2019-12-08,1.0059861262823986
2019-12-09,1.008368274248653
2019-12-10,1.0149825199535583
2019-12-11,1.0130564948552638
2019-12-12,1.0266269067624234
2019-12-13,1.009610768702168
2019-12-14,1.0092320958947283
2019-12-15,1.0146433863098334
2019-12-16,1.010227055773316
2019-12-17,1.0077292277382637
2019-12-18,1.0057141759999668
2019-12-19,0.9994718494343945
2019-12-20,1.008311547084591
2019-12-21,1.0175431431489999
2019-12-22,1.009518186320456
2019-12-23,1.0180715273494072
2019-12-24,1.0139833315458253
2019-12-25,1.0219058964890335
2019-12-26,1.008454528195
2019-12-27,1.0064081632417912
2019-12-28,1.0045878208546957
2019-12-29,0.9838480110411117
2019-12-30,0.9952775057850647
2019-12-31,0.995888645086797
2020-01-01,1.0017226919969917
2020-01-02,1.0153209700149066
2020-01-03,1.018901867229218
2020-01-04,1.0214448354264674
2020-01-05,1.0105382213988303
2020-01-06,1.0109167941607913
2020-01-07,1.0095428464653156
2020-01-08,1.0119215374669441
2020-01-09,1.0096234394438661
2020-01-10,1.011724227303746
2020-01-11,1.0155240650810187
2020-01-12,1.018572073210287
2020-01-13,1.0155165577409713
2020-01-14,1.0129041671943848
2020-01-15,1.0057191200824986
2020-01-16,1.003803978201376
2020-01-17,1.0057063664809298
2020-01-18,0.9873805842216083
2020-01-19,1.0072715823991607
2020-01-20,0.995820342907304
2020-01-21,0.9937709332982796
2020-01-22,1.0111138773764472
2020-01-23,1.0062706913863573
2020-01-24,1.007198216908593
2020-01-25,1.0017948687180285
2020-01-26,1.0132966551294018
2020-01-27,1.0155021520643128
2020-01-28,1.012911685598134
2020-01-29,1.0110268975978858
2020-01-30,1.0107843814926585
2020-01-31,1.0086227671152417
2020-02-01,1.0059163592499416
2020-02-02,1.001817066368888
2020-02-03,1.007352659551235
2020-02-04,1.0117064040140997
2020-02-05,0.9993101116895802
2020-02-06,1.0133885883258014
2020-02-07,1.0099351288598712
2020-02-08,1.0146530168165686
2020-02-09,1.0138383555667616
2020-02-10,1.0071905949159294
2020-02-11,1.0154040753299831
2020-02-12,1.0072016625348619
2020-02-13,1.0043484587796565
2020-02-14,1.01543297075772
2020-02-15,1.0130266940041506
2020-02-16,1.0129782402323173
2020-02-17,1.0057226830451385
2020-02-18,1.009802870863891
2020-02-19,1.0189672613241847
2020-02-20,1.024707325373768
2020-02-21,0.999033734336519
2020-02-22,1.0018639650356826
2020-02-23,1.0035226827740509
2020-02-24,1.0108380523091467
2020-02-25,1.0042249982508655
2020-02-26,1.0070724097861716
2020-02-27,1.0056048283227879
2020-02-28,1.0041220695333528
2020-02-29,1.004672867568095
2020-03-01,1.0118977204685784
2020-03-02,1.0102230651942428
2020-03-03,1.0120593483932125
2020-03-04,1.011342747215696
2020-03-05,1.0211771683513582
2020-03-06,1.0171146840176926
2020-03-07,1.010570232678654
2020-03-08,1.0129173911127936
2020-03-09,1.0251289969819608
2020-03-10,1.0125533230411705
2020-03-11,0.9992571832449673
2020-03-12,1.005587086054031
2020-03-13,1.0076364627969077
2020-03-14,1.0138501254914962
2020-03-15,1.014134184144994
2020-03-16,1.0052927406002314
2020-03-17,1.0129960345202793
2020-03-18,1.0142954420582477
2020-03-19,1.016649378150008
2020-03-20,1.0111746895677718
2020-03-21,1.0071011618035406
2020-03-22,1.0122184322026562
2020-03-23,1.0124462539851073
2020-03-24,1.0078382109834958
2020-03-25,1.0122993833462726
2020-03-26,1.0078707604262154
2020-03-27,1.0108740698045569
2020-03-28,1.0011806422526777
2020-03-29,1.0001106395963768
2020-03-30,1.0110622793411193
2020-03-31,1.0074938587614157
2020-04-01,1.020948301058556
2020-04-02,1.0201403451728228
2020-04-03,1.0073247884182372
2020-04-04,1.0007967033958445
2020-04-05,1.0167642573926203
2020-04-06,1.0130868766009011
2020-04-07,1.0048082763630442
2020-04-08,1.0121144807525653
2020-04-09,1.0202241686165658
2020-04-10,1.0101078987293757
2020-04-11,1.0051349452666443
2020-04-12,1.0236581531985105
2020-04-13,0.9962293358928896
2020-04-14,1.000881668747283
2020-04-15,1.0341778708984664
2020-04-16,1.0264423637532682
2020-04-17,1.00825063957846
2020-04-18,1.000596586266192
2020-04-19,1.013459794137479
2020-04-20,1.0034140706719288
2020-04-21,1.013827696959165
2020-04-22,1.0158710458717817
2020-04-23,1.0162993918592467
2020-04-24,1.0190963667423532
2020-04-25,1.0133575584716088
2020-04-26,1.0081862492675289
2020-04-27,1.0046843812944195
2020-04-28,1.0038872513164976
2020-04-29,1.0231920100339864
2020-04-30,1.016623080881728
2020-05-01,1.0134660184831534
2020-05-02,1.0034873503413757
2020-05-03,1.0171712157660642
2020-05-04,1.0008258603546378
2020-05-05,1.0098116128477308
2020-05-06,1.0030882315165457
2020-05-07,1.0155861219992575
2020-05-08,0.9972793731671881
2020-05-09,1.0151086053539151
2020-05-10,1.0025012334165029
2020-05-11,1.0049496878698359
2020-05-12,1.0020789917242867
2020-05-13,1.0135941632767023
2020-05-14,1.0079732342766456
2020-05-15,1.006201677798915
2020-05-16,0.9983626452384708
2020-05-17,1.0097618159994177
2020-05-18,1.0089738783692703
2020-05-19,1.016137864480381
2020-05-20,1.0216682381448774
2020-05-21,1.0160068665672661
2020-05-22,1.0001740800931407
2020-05-23,1.0018443934178753
2020-05-24,1.0069494996304476
2020-05-25,0.9960199352586374
2020-05-26,1.0061638844245946
2020-05-27,1.0017992350641476
2020-05-28,1.0082726991463395
2020-05-29,1.011421575494856
2020-05-30,1.0139512753941606
2020-05-31,1.0043776868056276
2020-06-01,1.0190787843916655
2020-06-02,1.016680215913916
2020-06-03,1.006185352566293
2020-06-04,1.0019811967543568
2020-06-05,0.9983078924261866
2020-06-06,1.0076085474328313
2020-06-07,1.0068033263134364
2020-06-08,1.0211951187570554
2020-06-09,1.0234722434691637
2020-06-10,1.022174551973485
2020-06-11,1.02024825061406
2020-06-12,1.0114506467957498
2020-06-13,1.0037218160963668
2020-06-14,1.0142596190715005
2020-06-15,1.0086576793292257
2020-06-16,1.0119131313814849
2020-06-17,1.016823047440618
2020-06-18,1.0150989834664863
2020-06-19,1.0061586579011363
2020-06-20,1.0177905837290568
2020-06-21,1.0153790896187014
2020-06-22,1.0053987902767938
2020-06-23,1.0051373749420163
2020-06-24,1.0040783169475394
2020-06-25,1.008386615366032
2020-06-26,1.0044155007098525
2020-06-27,1.024606972288255
2020-06-28,1.0102339792988642
2020-06-29,1.0217262264753173
2020-06-30,1.0074172706483016
2020-07-01,1.0300986599062443
2020-07-02,1.011013008095504
2020-07-03,1.010721487374231
2020-07-04,1.0254054694617487
2020-07-05,1.0099268966381505
2020-07-06,1.018158974045193
2020-07-07,1.012783539269847
2020-07-08,1.0009402129096905
2020-07-09,0.9967875222064461
2020-07-10,1.0046601963605482
2020-07-11,1.0152036235174047
2020-07-12,1.013255737968577
2020-07-13,1.01220023736864
2020-07-14,1.0095275267873127
2020-07-15,1.0001144067673473
2020-07-16,1.00723881287262
2020-07-17,1.0062894185478526
2020-07-18,1.0132373233639536
2020-07-19,1.0065493544697217
2020-07-20,1.018016414594956
2020-07-21,1.0067956476926445
2020-07-22,1.0101050866759536
2020-07-23,1.019686918721114
2020-07-24,1.0045450257126824
2020-07-25,1.0217066413595428
2020-07-26,1.0199363772217074
2020-07-27,1.0166897670083936
2020-07-28,1.0045105682670836
2020-07-29,1.0217099245249999
2020-07-30,1.0147472185413693
2020-07-31,1.009649017624656
2020-08-01,1.0189816289298739
2020-08-02,1.0077455690110966
2020-08-03,1.0021710809567914
2020-08-04,1.008319669614854
2020-08-05,1.0109656197338504
2020-08-06,1.0193927573716177
2020-08-07,1.0189816048176932
2020-08-08,1.0077102081254534
2020-08-09,1.006895242545395
2020-08-10,1.0160164562372649
2020-08-11,1.0006894052633017
2020-08-12,1.0141067550090046
2020-08-13,1.0274036366144637
2020-08-14,1.0035581431880904
2020-08-15,1.0146803753053824
2020-08-16,1.0100899687585454
2020-08-17,1.006793121604959
2020-08-18,1.0091624209101384
2020-08-19,1.0127062705230705
2020-08-20,0.9994962176097759
2020-08-21,1.0239613969119485
2020-08-22,1.0083982954398678
2020-08-23,1.0054990789455165
2020-08-24,1.039949782616291
2020-08-25,1.0168466640915799
2020-08-26,1.0343932086400873
2020-08-27,1.010286471281667
2020-08-28,1.0082072101810862
2020-08-29,1.0206297557830357
2020-08-30,1.0345607343773255
2020-08-31,0.9996013880499321
2020-09-01,1.001895291804375
2020-09-02,1.0065695186090626
2020-09-03,1.0206016720022142
2020-09-04,1.0132108844650365
2020-09-05,1.0133966196959512
2020-09-06,1.0035285720196632
2020-09-07,1.0008550622139238
2020-09-08,1.023434375841383
2020-09-09,1.003883568257195
2020-09-10,1.0184565391957006
2020-09-11,1.009368164885734
2020-09-12,1.0228569033329813
2020-09-13,1.0137499229943896
2020-09-14,1.0080824503797168
2020-09-15,1.0211344107148943
2020-09-16,1.0223807573461858
2020-09-17,1.0168630561513887
2020-09-18,1.0223860115229892
2020-09-19,1.013054268673319
2020-09-20,1.0257891291708805
2020-09-21,1.0041324370081972
2020-09-22,1.0024033847271634
2020-09-23,1.0182126529113802
2020-09-24,1.0093195946473104
2020-09-25,1.0142521582330897
2020-09-26,1.0038163423377553
2020-09-27,1.0266471624365419
2020-09-28,1.0204399851166124
2020-09-29,1.018862043817576
2020-09-30,1.041335071440804
2020-10-01,1.012756919819686
2020-10-02,1.0270009659995116
2020-10-03,1.0232868259101098
2020-10-04,1.0238124966910358
2020-10-05,1.017892712836515
2020-10-06,1.016747250487592
2020-10-07,1.0144200251194908
2020-10-08,1.011432352996699
2020-10-09,1.0092974091062468
2020-10-10,1.0146077928111155
2020-10-11,1.0214858451437006
2020-10-12,1.0051862016597684
2020-10-13,1.0163935043184662
2020-10-14,1.0302866319165613
2020-10-15,1.0285744481189913
2020-10-16,1.0163164575705959
2020-10-17,1.0181347671851082
2020-10-18,1.0134469829774602
2020-10-19,1.0112174008036563
2020-10-20,1.0213598949399367
2020-10-21,1.0172118755748343
2020-10-22,1.025234322531252
2020-10-23,1.0236170663069473
2020-10-24,1.0225535793654539
2020-10-25,1.0166466397604923
2020-10-26,1.0261185702158875
2020-10-27,1.0173528748013092
2020-10-28,1.0244172417557207
2020-10-29,1.021833735306738
2020-10-30,1.0273781985931185
2020-10-31,1.0338997870594164
2020-11-01,1.0273403838977642
2020-11-02,1.02150073003255
2020-11-03,1.0219303495884973
2020-11-04,1.0249162244321568
2020-11-05,1.0257502884664862
2020-11-06,1.027144905556369
2020-11-07,1.0191611268014067
2020-11-08,1.0106518262085915
2020-11-09,1.0150980780421823
2020-11-10,1.0191148202060487
2020-11-11,1.0319644256060891
2020-11-12,1.0186864688792785
2020-11-13,1.0202593653970191
2020-11-14,1.017855237496991
2020-11-15,1.0179983271436823
2020-11-16,1.006348337117418
2020-11-17,1.0070630492094892
2020-11-18,1.0111132384403896
2020-11-19,1.0116395249374568
2020-11-20,1.0075774055335307
2020-11-21,1.0188619100768261
2020-11-22,1.008322952976269
2020-11-23,1.0190726002228896
2020-11-24,1.013994893573402
2020-11-25,1.0142441683032055
2020-11-26,1.0114323749399414
2020-11-27,1.0138232128422238
2020-11-28,1.0224694982639964
2020-11-29,1.0188888196919565
2020-11-30,1.0155943194607777
2020-12-01,1.0141306443620723
2020-12-02,1.0093836601054502
2020-12-03,1.0074086225993144
2020-12-04,1.0082033642399773
2020-12-05,1.0083066693711324
2020-12-06,1.0155647122584959
2020-12-07,1.0120930895415874
2020-12-08,1.0109875738396945
2020-12-09,1.0127134744228634
2020-12-10,1.0120110700347817
2020-12-11,1.007570094672371
2020-12-12,1.0083571875683996
2020-12-13,1.0136280227144945
2020-12-14,1.0106218742811588
2020-12-15,1.0196042293343632
2020-12-16,1.0202028915749606
2020-12-17,1.0227874079261294
2020-12-18,1.0219803533779452
2020-12-19,1.0171083484566394
2020-12-20,1.021829230017936
2020-12-21,1.0335568495823957
2020-12-22,1.0233893025909107
2020-12-23,1.0258781154032126
2020-12-24,1.0197702755517573
2020-12-25,1.0138173739459924
2020-12-26,1.012530154067037
2020-12-27,1.0157479397558664
2020-12-28,1.0030738332800997
2020-12-29,0.9992808438475751
